-0.0921650826931,-0.107019901275635,1
-0.115786209702492,-0.0967264696955681,1
-0.101562209427357,-0.0980118364095688,1
-0.0744284242391586,-0.052568506449461,1
-0.0398017540574074,-0.0303430501371622,1
-0.0258973967283964,-0.0214817803353071,1
-0.0217497609555721,-0.0157822147011757,1
-0.0164220649749041,-0.0146224843338132,1
-0.00779424933716655,-0.00286174332723022,1
0.00436608772724867,0.000483852782053873,1
-0.00610475102439523,-0.0364404357969761,1
-0.0536744184792042,-0.0549751408398151,1
-0.0560275837779045,-0.0556016229093075,1
-0.0519897304475307,-0.0377725660800934,1
-0.0331044793128967,-0.0237814709544182,1
-0.0212642997503281,-0.0316914729773998,1
-0.0382968224585056,-0.0462813340127468,1
-0.0355588421225548,-0.0223138239234686,1
-0.0215168334543705,-0.032629307359457,1
-0.0416221171617508,-0.0344873666763306,1
-0.0293059460818768,-0.040614303201437,1
-0.0637470930814743,-0.0813958942890167,1
-0.0865608751773834,-0.0811705142259598,1
-0.0773943811655045,-0.0704577714204788,1
-0.0634591579437256,-0.0579886473715305,1
-0.0673333555459976,-0.0843162313103676,1
-0.0908106490969658,-0.0916249603033066,1
-0.0997252017259598,-0.103213079273701,1
-0.0985754057765007,-0.0951128527522087,1
-0.0934252440929413,-0.0938633307814598,1
-0.077423058450222,-0.0939064919948578,1
-0.0733227878808975,-0.0376735106110573,0
0.00116678769700229,0.0228356849402189,0
0.0351854339241982,0.0358335673809052,0
0.0339782685041428,0.0335103832185268,0
0.0368482545018196,0.0448885522782803,0
0.0931586027145386,0.102641209959984,0
0.117276795208454,0.118394911289215,0
0.254186064004898,0.272365570068359,0
0.305984556674957,0.344113022089005,0
0.385280638933182,0.404775112867355,0
0.40271320939064,0.407508820295334,0
0.400254219770432,0.394662797451019,0
0.386822670698166,0.385966926813126,0
0.38534152507782,0.386583507061005,0
0.393153756856918,0.404257655143738,0
0.407230347394943,0.405415147542953,0
0.399944573640823,0.391040921211243,0
0.375100761651993,0.335181504487991,0
0.294450104236603,0.255848824977875,0
0.248385086655617,0.240486070513725,0
0.228182628750801,0.209063947200775,0
0.197820946574211,0.189509123563766,0
0.192691504955292,0.200066268444061,0
0.1821209192276,0.134970158338547,0
0.0703573375940323,0.0326682738959789,0
0.0412098504602909,0.117458067834377,0
0.194210156798363,0.251612961292267,0
0.291277080774307,0.34395095705986,0
0.380650997161865,0.39413046836853,0
0.396466493606567,0.397458672523499,0
0.397619426250458,0.403757631778717,0
0.42109414935112,0.429134517908096,0
0.432768821716309,0.441821485757828,0
0.45291069149971,0.455329656600952,0
0.458258032798767,0.445160120725632,0
0.423485070466995,0.408330768346787,0
0.385976493358612,0.37642902135849,0
0.37807559967041,0.393331527709961,0
0.402488350868225,0.402807325124741,0
0.383616149425507,0.350975811481476,0
0.332700043916702,0.350304931402206,0
0.366567015647888,0.346598416566849,0
0.348976969718933,0.342275619506836,0
0.354274719953537,0.365486860275269,0
0.371087998151779,0.378466337919235,0
0.382760167121887,0.386163324117661,0
0.383374869823456,0.382743746042252,0
0.378499537706375,0.383046686649323,0
0.381378889083862,0.369980603456497,0
0.35132771730423,0.342370003461838,0
0.339630722999573,0.342399924993515,0
0.353348731994629,0.426277130842209,1
0.49264732003212,0.517398595809937,1
0.499064236879349,0.448910355567932,1
0.409115105867386,0.377661347389221,1
0.354479074478149,0.34502899646759,1
0.334391802549362,0.315778315067291,1
0.297718226909637,0.281309515237808,1
0.0155405253171921,0.0263313855975866,1
0.0379464216530323,0.0681572183966637,1
0.0911629721522331,0.0782992988824844,1
0.0232788547873497,-0.0373105779290199,1
-0.0363527126610279,-0.0344977416098118,1
-0.0353502370417118,-0.0387058444321156,1
-0.0409346967935562,-0.0435278005897999,1
-0.0481998361647129,-0.0775201618671417,1
-0.0884238332509995,-0.0970538482069969,1
-0.0827374532818794,-0.0536758378148079,1
-0.0430983230471611,-0.0391820818185806,1
-0.0623015612363815,-0.0980117470026016,1
-0.116749987006187,-0.0990896001458168,1
-0.0748118534684181,-0.000280213251244277,1
0.0392289496958256,0.0562021061778069,1
0.088030569255352,0.132222920656204,1
0.15231741964817,0.158902570605278,1
0.159705877304077,0.160984992980957,1
0.163768246769905,0.164237424731255,1
0.16550549864769,0.201998814940453,1
0.202744603157043,0.201416403055191,1
0.104903519153595,0.0491716451942921,1
0.0528078451752663,0.0648893713951111,1
0.0840618684887886,0.111490793526173,1
0.172244712710381,0.218684121966362,1
0.25076350569725,0.256182551383972,1
0.250656574964523,0.24648217856884,1
0.232828244566917,0.230475917458534,1
0.245342746376991,0.246741726994514,1
0.243503525853157,0.232063606381416,1
0.19642199575901,0.199576541781425,1
0.197918474674225,0.189289078116417,1
0.163797706365585,0.100818730890751,1
-0.00688804965466261,-0.124497719109058,1
-0.150318056344986,-0.149049997329712,1
-0.128991767764091,-0.114718161523342,1
-0.0788037776947021,-0.0389878191053867,1
0.00232180487364531,0.0302989669144154,1
0.0479050949215889,0.0619476847350597,1
0.0784313529729843,0.0889593362808228,1
0.0940330252051353,0.102224498987198,1
0.103906512260437,0.103711917996407,1
0.102407969534397,0.100126199424267,1
0.0718323886394501,0.0527777001261711,0
0.0458590649068356,0.0387248620390892,0
0.0335288867354393,0.0342847183346748,0
0.0309769343584776,0.0262185633182526,0
0.0175315942615271,0.00174793926998973,0
-0.00531973131000996,-0.00759651698172092,0
-0.0230956431478262,-0.0230956431478262,0
-0.0230956431478262,-0.0230956431478262,0
-0.0230956431478262,0.367870181798935,0
0.373303383588791,0.37922066450119,0
0.394976556301117,0.403237164020538,0
0.402893632650375,0.37337851524353,0
0.346677929162979,0.345895260572433,0
0.347487360239029,0.36344638466835,0
0.383588701486588,0.395223289728165,0
0.401003241539001,0.400768876075745,0
0.40292552113533,0.404473304748535,0
0.406280964612961,0.40658438205719,0
0.394705563783646,0.378230601549149,0
0.352861821651459,0.332328110933304,0
0.341117680072784,0.352215021848679,0
0.359228789806366,0.362073540687561,0
0.352750927209854,0.340359956026077,0
0.327766895294189,0.310198038816452,0
0.295416951179504,0.296135038137436,0
0.296887278556824,0.282567948102951,0
0.27992856502533,0.278687715530396,0
0.277964174747467,0.271813154220581,0
0.255775511264801,0.244877114892006,0
0.248531386256218,0.260607779026031,0
0.284135699272156,0.304653614759445,0
0.320687592029572,0.325854957103729,0
0.333052575588226,0.340755820274353,0
0.348912686109543,0.351895481348038,0
0.372230440378189,0.398729026317596,0
0.410143345594406,0.424230754375458,0
0.439823031425476,0.459009289741516,0
0.476514995098114,0.481053531169891,0
0.483764797449112,0.485617786645889,0
0.479091912508011,0.465738862752914,0
0.457843869924545,0.459304302930832,0
0.453630954027176,0.445004224777222,0
0.448620140552521,0.44438835978508,0
0.419265300035477,0.392625868320465,0
0.370171993970871,0.296996235847473,0
0.258720278739929,0.234155967831612,0
0.233914166688919,0.252143025398254,0
0.271520018577576,0.285620212554932,0
0.281329691410065,0.2623350918293,0
0.236192554235458,0.194018721580505,0
0.149397760629654,0.101624630391598,0
0.0869169533252716,0.0944988578557968,0
0.0977032855153084,0.0941093191504478,0
0.0850785225629807,0.0680924206972122,0
0.04976986348629,0.028762923553586,0
0.0164138209074736,0.0272983610630035,0
0.0342463999986649,0.0442854426801205,0
0.0761750489473343,0.0680135041475296,0
0.0624702535569668,0.0554772429168224,0
0.0458339788019657,0.0410000570118427,0
0.030775498598814,0.018534678965807,0
0.0152371358126402,0.0222365967929363,0
0.030640410259366,0.0324716158211231,0
0.0333244204521179,0.0124506093561649,0
0.000153208340634592,0.002839490538463,0
-0.00242725037969649,0.0100790150463581,0
0.0565749369561672,0.111489474773407,0
0.192212149500847,0.244319543242455,0
0.376327782869339,0.487761735916138,1
0.55378794670105,0.565007925033569,1
0.565524876117706,0.565524876117706,1
0.565524876117706,0.565764844417572,1
0.566855609416962,0.566638112068176,1
0.572831094264984,0.572829842567444,1
0.562952101230621,0.199872508645058,1
0.227580234408379,0.245485633611679,1
0.253079801797867,0.244207158684731,1
0.185825049877167,0.0780491679906845,1
0.0315237827599049,0.0400605648756027,1
0.0525754615664482,0.0636974722146988,1
0.0600275546312332,0.0299248099327087,1
0.015281337313354,0.0107322745025158,1
0.00954675395041704,0.0147279854863882,1
0.0204113759100437,0.00115693593397737,1
-0.0292327608913183,-0.0218102224171162,1
-0.0146100213751197,-0.0141391521319747,1
-0.020641291514039,-0.0248475857079029,1
-0.0333875864744186,-0.0393731519579887,1
-0.0254074670374393,0.00126679521054029,1
0.01232566870749,0.018688702955842,1
0.0321105010807514,0.0504438653588295,1
0.0618298202753067,0.0713765695691109,1
0.0668255463242531,0.0639276802539825,1
0.0772798880934715,0.0871388912200928,1
0.0963749885559082,0.101791001856327,1
0.0977763384580612,0.0969886034727097,1
0.0942918732762337,0.0740048587322235,1
0.039644256234169,0.0243157800287008,1
0.0116467121988535,-0.0112564833834767,1
-0.0254150088876486,-0.0311282183974981,1
-0.0257994756102562,-0.0103787956759334,1
0.0200421623885632,0.0402443967759609,1
0.0487343668937683,0.0463094599545002,1
0.0514410994946957,0.0663843229413033,1
0.078746534883976,0.0987165495753288,1
0.130827397108078,0.158991113305092,1
0.171790286898613,0.17323987185955,1
0.169445350766182,0.191031694412231,1
0.195606991648674,0.205479726195335,1
0.203388005495071,0.194661796092987,1
0.180063247680664,0.163396090269089,1
0.152785107493401,0.141433507204056,1
0.134315937757492,0.121953703463078,1
0.103361651301384,0.0678002014756203,1
0.0287487152963877,0.00213057175278664,1
-0.0317095071077347,-0.0154809951782227,1
-0.0210308581590652,-0.0166227947920561,1
0.002570595825091,0.043047372251749,1
0.128407776355743,0.155963540077209,1
0.155118122696877,0.149401620030403,1
0.144017189741135,0.139913111925125,1
0.131501972675323,0.120179519057274,1
0.164336502552032,0.148947417736053,1
0.134155765175819,0.115757994353771,1
0.137450695037842,0.161425545811653,1
0.194719925522804,0.227256864309311,1
0.239736884832382,0.210811316967011,1
0.146048650145531,0.0996550992131233,1
0.11857158690691,0.141383737325668,1
0.158165097236633,0.162662073969841,1
0.167808189988136,0.179180309176445,1
0.176936537027359,0.164902493357658,1
0.147813111543655,0.151264756917953,1
0.157837271690369,0.16779100894928,1
0.171473562717438,0.18402536213398,1
0.196748346090317,0.195734411478043,1
0.182461395859718,0.158460184931755,1
0.14556123316288,0.14041742682457,1
0.13811881840229,0.138306275010109,1
0.142216295003891,0.138000041246414,1
0.132183760404587,0.128669455647469,1
0.129336029291153,0.118936635553837,1
0.101211689412594,0.0809007957577705,1
0.0597829520702362,0.0504824109375477,1
0.0454175546765327,0.0347290113568306,1
0.0514726713299751,0.0846226662397385,1
0.11048448830843,0.121646769344807,1
0.109580338001251,0.10281553119421,1
0.0983274132013321,0.0912002474069595,1
0.0773050338029861,0.0617919787764549,1
0.0790740624070168,0.105483017861843,1
0.174348399043083,0.176137864589691,0
0.176001876592636,0.173316270112991,0
0.162585809826851,0.148064628243446,0
0.130737483501434,0.113632686436176,0
0.104637883603573,0.105427347123623,0
0.501946270465851,0.50645112991333,0
0.506253480911255,0.504048228263855,0
0.488978922367096,0.468397438526154,0
0.429286807775497,0.407017648220062,0
0.40296658873558,0.397912085056305,0
0.392760127782822,0.411361873149872,0
0.422584563493729,0.416022509336472,0
0.410282075405121,0.39723402261734,0
0.38467401266098,0.370809316635132,0
0.359319537878037,0.345178455114365,0
0.334933787584305,0.32453316450119,0
0.324416875839233,0.32107201218605,0
0.313917458057404,0.304778903722763,0
0.293616712093353,0.284417569637299,0
0.275592803955078,0.274088591337204,0
0.288281798362732,0.305463314056396,0
0.313539236783981,0.329305559396744,0
0.346167176961899,0.353529274463654,0
0.34526914358139,0.354218691587448,0
0.375981837511063,0.42477947473526,0
0.456499367952347,0.459114789962769,0
0.463127940893173,0.469112992286682,0
0.472910434007645,0.474703818559647,0
0.470882326364517,0.469882696866989,0
0.470272094011307,0.471216291189194,0
0.467894285917282,0.467241436243057,0
0.475374788045883,0.472824543714523,0
0.458844691514969,0.419498145580292,0
0.373169332742691,0.365561902523041,0
0.366459935903549,0.368877917528152,0
0.382000029087067,0.388678044080734,0
0.383743047714233,0.379507929086685,0
0.382928371429443,0.390806972980499,0
0.393112391233444,0.384090542793274,0
0.380147516727448,0.403555631637573,0
0.427669286727905,0.455760270357132,0
0.491864055395126,0.54684853553772,0
0.594296276569366,0.615237593650818,0
0.626363515853882,0.628246188163757,0
0.627786755561829,0.626572668552399,0
0.627103447914124,0.630876779556274,0
0.636532962322235,0.636519134044647,0
0.637898027896881,0.642566680908203,0
0.639528334140778,0.637934982776642,0
0.633559823036194,0.624194979667664,0
0.594114363193512,0.551040589809418,0
0.514378666877747,0.494502156972885,0
0.53801441192627,0.571859776973724,0
0.582452058792114,0.587265372276306,0
0.563521087169647,0.524232089519501,0
0.501101195812225,0.498952329158783,0
0.496588170528412,0.516849100589752,0
0.527358293533325,0.530210435390472,0
0.537727832794189,0.545462250709534,0
0.554459393024445,0.549569129943848,0
0.518810451030731,0.40527680516243,0
0.382149815559387,0.375375866889954,0
0.377556085586548,0.383321791887283,0
0.379473179578781,0.381981283426285,0
0.376490980386734,0.364742189645767,0
0.373480200767517,0.386504173278809,0
0.385026544332504,0.364331960678101,0
0.353850245475769,0.354337781667709,0
0.371627181768417,0.388709098100662,0
0.398539632558823,0.395262241363525,0
0.393317759037018,0.396692931652069,0
0.402745872735977,0.415773302316666,0
0.425618261098862,0.435130923986435,0
0.437914997339249,0.443877696990967,0
0.440517783164978,0.438855618238449,0
0.44732928276062,0.451406955718994,0
0.438375622034073,0.430595844984055,0
0.421367704868317,0.414175242185593,0
0.405855417251587,0.406180381774902,0
0.403529554605484,0.401880294084549,0
0.395653694868088,0.368255198001862,0
0.33968523144722,0.322779178619385,0
0.321305066347122,0.333515971899033,0
0.339883863925934,0.333930671215057,0
0.321487218141556,0.316849887371063,0
0.337085604667664,0.368072390556335,0
0.393501251935959,0.404256582260132,0
0.41199716925621,0.427628666162491,0
0.453231900930405,0.479892164468765,0
0.494561344385147,0.501793146133423,0
0.503389000892639,0.503349244594574,0
0.491410136222839,0.461006373167038,0
0.403090387582779,0.360087275505066,0
0.364504516124725,0.365514636039734,0
0.361864984035492,0.361334025859833,0
0.360501646995544,0.361861377954483,0
0.365647315979004,0.358413875102997,0
0.350992530584335,0.337090671062469,0
0.333601385354996,0.340059459209442,0
0.340463310480118,0.336174786090851,0
0.332273632287979,0.331288427114487,0
0.324171245098114,0.312836349010468,0
0.293756932020187,0.303959459066391,0
0.320132225751877,0.342002749443054,0
0.372972428798676,0.389209508895874,0
0.389951854944229,0.392889201641083,0
0.385320246219635,0.366721659898758,0
0.332048654556274,0.313358813524246,0
0.31634309887886,0.326402693986893,0
0.338069379329681,0.359100610017776,0
0.384231984615326,0.418086856603622,0
0.464290678501129,0.50345367193222,0
0.521724820137024,0.517516076564789,0
0.502751469612122,0.491050988435745,0
0.501616895198822,0.494832009077072,0
0.48308864235878,0.485000908374786,0
0.513109564781189,0.517104506492615,0
0.517610311508179,0.519045174121857,0
0.524736404418945,0.528981149196625,0
0.513532161712646,0.492579102516174,0
0.494419664144516,0.505710542201996,0
0.504725992679596,0.500971972942352,0
0.503978252410889,0.498534262180328,0
0.505619406700134,0.493536323308945,0
0.47756090760231,0.46738600730896,0
0.466396570205688,0.464631319046021,0
0.465918362140656,0.475567102432251,0
0.498559176921844,0.520957171916962,0
0.520692646503448,0.516331672668457,0
0.518811762332916,0.513369679450989,0
0.515315055847168,0.522668957710266,0
0.527348875999451,0.535269618034363,0
0.5345498919487,0.516537308692932,0
0.50986921787262,0.526924073696136,0
0.541578412055969,0.545563161373138,0
0.543691515922546,0.536694645881653,0
0.532280206680298,0.533457398414612,0
0.539369583129883,0.548170566558838,0
0.543776094913483,0.537929236888886,0
0.533188879489899,0.516838073730469,0
0.498054981231689,0.484415680170059,0
0.493907660245895,0.508009374141693,0
0.526760935783386,0.536843597888947,1
0.535475671291351,0.518826246261597,1
0.539559185504913,0.604646623134613,1
0.674058318138123,0.707577288150787,1
0.705218076705933,0.691014409065247,1
0.665280818939209,0.630424022674561,1
0.598581850528717,0.57552444934845,1
0.542739450931549,0.515015721321106,1
0.495226621627808,0.247070357203484,1
0.288389295339584,0.299562692642212,1
0.305602997541428,0.310313016176224,1
0.285764127969742,0.21618963778019,1
0.215398818254471,0.241982340812683,1
0.276119232177734,0.290481388568878,1
0.290788233280182,0.289525538682938,1
0.287268936634064,0.28347772359848,1
0.270335465669632,0.26986488699913,1
0.27019390463829,0.292431056499481,1
0.30504322052002,0.304123103618622,1
0.303603947162628,0.300769567489624,1
0.292876034975052,0.268416881561279,1
0.227068796753883,0.173428148031235,1
0.133958220481873,0.0712520033121109,1
-0.0469539798796177,-0.033467136323452,1
-0.0168200470507145,-0.0031191857997328,1
0.00322587741538882,-0.0242536999285221,1
-0.072639100253582,-0.0814552009105682,1
-0.0623009018599987,-0.0544993616640568,1
-0.0477436110377312,-0.0330021008849144,1
-0.0262303315103054,-0.00630969321355224,1
0.0215809009969234,0.0632287412881851,1
0.0884274318814278,0.0946707800030708,1
0.0938678979873657,0.0932306498289108,1
0.09172423183918,0.0958038046956062,1
0.10862147808075,0.114618927240372,1
0.153113067150116,0.162867739796638,1
0.179083272814751,0.20285739004612,1
0.228089228272438,0.236017525196075,1
0.239782601594925,0.233966946601868,1
0.211929231882095,0.189490556716919,1
0.181192696094513,0.180298030376434,1
0.224160417914391,0.235869720578194,1
0.222159013152123,0.198661044239998,1
0.235620900988579,0.276729971170425,1
0.299773752689362,0.303969711065292,1
0.288010805845261,0.266498386859894,1
0.260493099689484,0.256831794977188,1
0.262914568185806,0.273007810115814,1
0.280702918767929,0.278347790241241,1
0.254226088523865,0.203737244009972,1
0.153430044651031,0.140059873461723,1
0.124348729848862,0.0968073084950447,1
0.070570208132267,0.0464550629258156,1
0.0614846721291542,0.105605930089951,1
0.131775230169296,0.147838741540909,1
0.163321077823639,0.180345490574837,1
0.198516666889191,0.214763283729553,1
0.225710079073906,0.230925783514977,1
0.261970549821854,0.263554900884628,1
0.272192060947418,0.304075598716736,1
0.350154936313629,0.364441990852356,1
0.362458050251007,0.360978752374649,1
0.349717497825623,0.323532998561859,0
0.314835160970688,0.329745233058929,0
0.337035864591599,0.338539719581604,0
0.338539719581604,0.338539719581604,0
0.338539719581604,0.338539719581604,0
0.338174283504486,0.331567496061325,0
0.299891978502274,0.253314107656479,0
0.22729779779911,0.574855387210846,0
0.603138446807861,0.616572320461273,0
0.615905165672302,0.591197311878204,0
0.531835794448853,0.472176134586334,0
0.468037456274033,0.481002777814865,0
0.485079944133759,0.494648069143295,0
0.506627023220062,0.507503151893616,0
0.508699655532837,0.513114452362061,0
0.522991001605988,0.530045092105865,0
0.547691822052002,0.569293558597565,0
0.558682560920715,0.532253324985504,0
0.51999443769455,0.521302819252014,0
0.522437155246735,0.513160645961761,0
0.510288238525391,0.505729734897614,0
0.508453071117401,0.550760447978973,0
0.656759083271027,0.718078970909119,0
0.730659961700439,0.714495182037354,0
0.690447688102722,0.664291799068451,0
0.655099868774414,0.648245275020599,0
0.635956346988678,0.632726430892944,0
0.643762409687042,0.666593611240387,0
0.679927289485931,0.69094318151474,0
0.682248771190643,0.674265742301941,0
0.659509599208832,0.62558788061142,0
0.619727730751038,0.707638025283813,0
0.743296146392822,0.746630609035492,0
0.746553421020508,0.74521940946579,0
0.74521940946579,0.744617760181427,0
0.737002015113831,0.724966526031494,0
0.714387118816376,0.707539200782776,0
0.704285562038422,0.703089892864227,0
0.705035448074341,0.701913177967072,0
0.697601199150085,0.665444254875183,0
0.576159715652466,0.454050660133362,0
0.381697028875351,0.383427709341049,0
0.433231085538864,0.476517677307129,0
0.490497320890427,0.492679536342621,0
0.490264594554901,0.491676658391953,0
0.489529252052307,0.483615010976791,0
0.486444652080536,0.511718273162842,0
0.544541418552399,0.576907277107239,0
0.593245625495911,0.600671291351318,0
0.614395201206207,0.632886588573456,0
0.646761894226074,0.627920091152191,0
0.58562445640564,0.581849634647369,0
0.588454484939575,0.608253061771393,0
0.640363752841949,0.661162316799164,0
0.681787550449371,0.674709439277649,0
0.656696081161499,0.644356608390808,0
0.643073678016663,0.655039429664612,0
0.72297739982605,0.817609548568726,1
0.888691008090973,0.891501188278198,1
0.867162644863129,0.858579218387604,1
0.855333685874939,0.851673603057861,1
0.84603875875473,0.837686121463776,1
0.823582708835602,0.786395967006683,1
0.484767228364944,0.520482420921326,1
0.534764528274536,0.535521626472473,1
0.534506738185883,0.487683862447739,1
0.369304567575455,0.214164763689041,1
0.0884748101234436,0.0520069003105164,1
0.0232765730470419,0.0255997981876135,1
0.0303702857345343,0.0473341830074787,1
0.0707733184099197,0.0735296830534935,1
0.0690975412726402,0.0875860154628754,1
0.118121452629566,0.14634396135807,1
0.157272830605507,0.157272830605507,1
0.150879055261612,0.1467075496912,1
0.140045702457428,0.119987793266773,1
0.0962071418762207,0.09757299721241,1
0.0994366109371185,0.110423527657986,1
0.118276230990887,0.135252431035042,1
0.146088659763336,0.1280357837677,1
0.117973789572716,0.108761593699455,1
0.103372134268284,0.100979343056679,1
0.156373023986816,0.156598657369614,1
0.156598657369614,0.156598657369614,1
0.231954738497734,0.253940403461456,1
0.262006908655167,0.26904308795929,1
0.262592405080795,0.259716659784317,1
0.245721608400345,0.234927713871002,1
0.229993477463722,0.22682897746563,1
0.21512970328331,0.172349840402603,1
0.137620911002159,0.113790586590767,1
0.110098704695702,0.11641563475132,1
0.113987527787685,0.131661131978035,1
0.146595299243927,0.147164791822433,1
0.135523170232773,0.113629370927811,1
0.0868040323257446,0.0781353339552879,1
0.107070758938789,0.13721539080143,1
0.153906285762787,0.153271719813347,1
0.144057959318161,0.121178776025772,1
0.119016423821449,0.117592722177505,1
0.104407794773579,0.0915348529815674,1
0.0833541750907898,0.0735280364751816,1
0.0781181305646896,0.0766986683011055,1
0.0684750154614449,0.0547643192112446,1
0.0449320375919342,0.0337351113557816,1
0.0213811136782169,0.00434235157445073,1
0.0124138724058867,0.0165625493973494,1
0.0296395346522331,0.0431433357298374,1
0.0763833969831467,0.0980172231793404,1
0.118191048502922,0.152189254760742,1
0.192235201597214,0.21103273332119,1
0.214878156781197,0.215482741594315,1
0.215912997722626,0.215912997722626,1
0.215144783258438,0.265702605247498,1
0.269219785928726,0.262292772531509,1
0.24086494743824,0.175912171602249,1
0.176470875740051,0.179545134305954,1
0.182495445013046,0.167677387595177,1
0.143651157617569,0.112807624042034,1
0.0788678154349327,0.0431263707578182,1
0.0285500343888998,0.0271357968449593,1
0.0166263282299042,0.00242045777849853,1
0.0166938789188862,0.00549532612785697,0
0.0121352467685938,0.0778887793421745,0
0.152497097849846,0.180704593658447,0
0.175032824277878,0.169159337878227,0
0.164730042219162,0.164638265967369,0
0.156717568635941,0.133132070302963,0
0.254544317722321,0.304745554924011,0
0.337098777294159,0.357406079769135,0
0.39276722073555,0.411992609500885,0
0.416009038686752,0.413890421390533,0
0.387029826641083,0.333965927362442,0
0.300969034433365,0.32332506775856,0
0.332340508699417,0.337587982416153,0
0.356905847787857,0.371561408042908,0
0.386096835136414,0.407260537147522,0
0.410514354705811,0.395257949829102,0
0.396809726953506,0.401389062404633,0
0.400276571512222,0.395741909742355,0
0.38720440864563,0.373522251844406,0
0.36907160282135,0.366389662027359,0
0.375688880681992,0.386024743318558,0
0.399553388357162,0.41158601641655,0
0.412987232208252,0.385865896940231,0
0.350388705730438,0.329267650842667,0
0.327432334423065,0.33577635884285,0
0.34341898560524,0.35968616604805,0
0.383970975875854,0.400060147047043,0
0.390327662229538,0.368732005357742,0
0.347915410995483,0.332053303718567,0
0.350492417812347,0.371655911207199,0
0.390815049409866,0.404234379529953,0
0.404135495424271,0.400846689939499,0
0.402192234992981,0.426132291555405,0
0.462118804454803,0.485939681529999,0
0.48562878370285,0.469953835010529,0
0.458950281143188,0.457537680864334,0
0.459040582180023,0.458155483007431,0
0.45418581366539,0.458015292882919,0
0.4602170586586,0.452395081520081,0
0.479953855276108,0.520894289016724,0
0.542072236537933,0.547380208969116,0
0.555716931819916,0.565536558628082,0
0.572907090187073,0.577502429485321,0
0.577180445194244,0.5724036693573,0
0.57275801897049,0.571042835712433,0
0.581032156944275,0.596881508827209,0
0.606176257133484,0.606325805187225,0
0.607836544513702,0.596549987792969,0
0.557866990566254,0.521806716918945,0
0.504168272018433,0.497655481100082,0
0.488726645708084,0.502924859523773,0
0.514843106269836,0.517735362052917,0
0.526136636734009,0.519929707050323,0
0.510878264904022,0.503409087657928,0
0.482506185770035,0.469421803951263,0
0.465714603662491,0.449719995260239,0
0.434090256690979,0.423465192317963,0
0.419815540313721,0.417583346366882,0
0.421215325593948,0.422742486000061,0
0.418017625808716,0.422918558120728,0
0.41530454158783,0.41798922419548,0
0.439901858568192,0.447833329439163,0
0.452581465244293,0.456969767808914,0
0.458543837070465,0.468074947595596,0
0.482177764177322,0.489867061376572,0
0.485760271549225,0.48113477230072,0
0.481626152992249,0.481134921312332,0
0.484308332204819,0.484717428684235,0
0.476534187793732,0.455790728330612,0
0.443411767482758,0.440659761428833,0
0.446598738431931,0.452065408229828,0
0.456766158342361,0.462153524160385,0
0.487593024969101,0.500990927219391,0
0.477347075939178,0.460688382387161,0
0.453583240509033,0.447129517793655,0
0.453278392553329,0.452083826065063,0
0.44242000579834,0.447434425354004,0
0.453780680894852,0.453488826751709,0
0.450313538312912,0.451831340789795,0
0.452154934406281,0.44838160276413,0
0.442890644073486,0.424377977848053,0
0.397179126739502,0.372572869062424,0
0.377075165510178,0.384955585002899,0
0.38420358300209,0.382901638746262,0
0.390531361103058,0.400988787412643,0
0.409450858831406,0.409274339675903,0
0.400948107242584,0.386999756097794,0
0.40003827214241,0.419814944267273,0
0.434526383876801,0.436689376831055,0
0.440512448549271,0.450205832719803,0
0.453355759382248,0.448671936988831,0
0.445878952741623,0.442977756261826,0
0.430646121501923,0.413055121898651,0
0.392479240894318,0.382846146821976,0
0.374529093503952,0.364079028367996,0
0.362468957901001,0.366579353809357,0
0.37545970082283,0.394502222537994,0
0.413028419017792,0.409239023923874,0
0.402644872665405,0.402389347553253,0
0.402621001005173,0.398090392351151,0
0.392695963382721,0.394718438386917,0
0.398272186517715,0.398310154676437,0
0.398250073194504,0.386941581964493,0
0.373649537563324,0.36447212100029,0
0.342434942722321,0.334364473819733,0
0.311812967061996,0.283715277910233,0
0.288473963737488,0.290106952190399,0
0.296016365289688,0.309006959199905,0
0.322625130414963,0.316332399845123,0
0.323653161525726,0.338503122329712,0
0.358877211809158,0.381977558135986,0
0.392858564853668,0.386876821517944,0
0.387001365423203,0.406224578619003,0
0.435660988092422,0.467071115970612,0
0.482732206583023,0.484712809324265,0
0.486094832420349,0.488621354103088,0
0.490002065896988,0.486911416053772,0
0.478282928466797,0.471601814031601,0
0.470316022634506,0.463995367288589,0
0.463834941387177,0.485628813505173,0
0.508815586566925,0.49884831905365,0
0.496223539113998,0.490329176187515,0
0.464701116085052,0.435961067676544,0
0.42073056101799,0.413867175579071,0
0.414995491504669,0.432896137237549,0
0.450317561626434,0.473753929138184,0
0.495159357786179,0.50442236661911,0
0.505440473556519,0.499157965183258,0
0.486314207315445,0.477782905101776,0
0.507445693016052,0.548097014427185,0
0.57562667131424,0.59785270690918,0
0.614658355712891,0.628008842468262,0
0.641296088695526,0.64743709564209,0
0.65860778093338,0.666026830673218,0
0.663832545280457,0.669440627098084,0
0.678426444530487,0.67774224281311,0
0.674108862876892,0.668581604957581,0
0.666664123535156,0.671040892601013,0
0.674936234951019,0.674575567245483,0
0.665661811828613,0.653178095817566,0
0.637609720230103,0.601685464382172,0
0.568295776844025,0.553611934185028,0
0.52815192937851,0.523713767528534,0
0.525592148303986,0.528357803821564,0
0.530470907688141,0.532059729099274,0
0.530839920043945,0.528234004974365,0
0.533767342567444,0.536450564861298,0
0.532324254512787,0.521140277385712,0
0.512063682079315,0.531131863594055,0
0.550224900245667,0.552239298820496,0
0.559161365032196,0.586453318595886,0
0.589421272277832,0.590972661972046,0
0.593923389911652,0.603325724601746,0
0.616034507751465,0.620085537433624,1
0.623554468154907,0.63323038816452,1
0.678744256496429,0.716700732707977,1
0.725971579551697,0.69483870267868,1
0.678180754184723,0.67701244354248,1
0.676677763462067,0.672200858592987,1
0.671323955059052,0.708391904830933,1
0.708235919475555,0.706622004508972,1
0.718922853469849,0.325161159038544,1
0.340763807296753,0.342451125383377,1
0.34385147690773,0.346083998680115,1
0.331813722848892,0.303466469049454,1
0.2616808116436,0.247618541121483,1
0.254049062728882,0.26005420088768,1
0.260404080152512,0.242378145456314,1
0.234863981604576,0.208661958575249,1
0.188865214586258,0.198752239346504,1
0.199761912226677,0.196309193968773,1
0.191417098045349,0.196532800793648,1
0.195919275283813,0.191712141036987,1
0.196022912859917,0.248149707913399,1
0.286128729581833,0.338436961174011,1
0.375002562999725,0.38583979010582,1
0.387998253107071,0.387339770793915,1
0.385481685400009,0.377249002456665,1
0.374654054641724,0.381078779697418,1
0.407094657421112,0.415887653827667,1
0.415122777223587,0.416241466999054,1
0.414429545402527,0.400083810091019,1
0.400402784347534,0.396228045225143,1
0.389685213565826,0.38326358795166,1
0.249159947037697,0.131839379668236,1
0.161714419722557,0.211057722568512,1
0.261192113161087,0.283390074968338,1
0.256742864847183,0.224967062473297,1
0.217191055417061,0.220207408070564,1
0.226198717951775,0.231744006276131,1
0.235262781381607,0.240165501832962,1
0.247033417224884,0.245367556810379,1
0.238079786300659,0.23070065677166,1
0.229818046092987,0.209044188261032,1
0.192378878593445,0.199941366910934,1
0.208287432789803,0.209428653120995,1
0.209513768553734,0.209495812654495,1
0.207946434617043,0.199772447347641,1
0.187791272997856,0.165572240948677,1
0.154133453965187,0.14197088778019,1
0.139913260936737,0.147053673863411,1
0.131931528449059,0.15311661362648,1
0.159604981541634,0.135820880532265,1
0.118692860007286,0.104730658233166,1
0.0890643820166588,0.0797286033630371,1
0.0783986151218414,0.0795795321464539,1
0.0821757763624191,0.0817974358797073,1
0.082611083984375,0.0832323133945465,1
0.0896857231855392,0.110399313271046,1
0.124667435884476,0.124319635331631,1
0.110434204339981,0.0972680374979973,1
0.0860241949558258,0.0991500839591026,1
0.113658480346203,0.118111059069633,1
0.123679153621197,0.130140587687492,1
0.125008180737495,0.135260492563248,1
0.159368515014648,0.176122292876244,1
0.175858825445175,0.156802132725716,1
0.131371721625328,0.106210723519325,1
0.083696611225605,0.0492164194583893,1
0.119178168475628,0.128965467214584,1
0.140895038843155,0.128247365355492,1
0.12477669864893,0.122951798141003,1
0.130915552377701,0.1533482670784,1
0.156694129109383,0.128022089600563,1
0.0919878035783768,0.0749375969171524,1
0.0440939590334892,0.0380768738687038,1
0.0514737777411938,0.0994737297296524,1
0.0921336263418198,0.120046399533749,1
0.1800656914711,0.243754580616951,1
0.264129191637039,0.266256660223007,1
0.266256660223007,0.264817297458649,1
0.260863304138184,0.256279647350311,1
0.273426085710526,0.265995264053345,1
0.25791347026825,0.247474282979965,1
0.173909530043602,0.181482747197151,1
0.205188676714897,0.236281231045723,1
0.24932236969471,0.219263985753059,1
0.088218554854393,0.0890252143144608,1
0.0997858345508575,0.12932588160038,1
0.158684000372887,0.157942369580269,1
0.145979464054108,0.142719075083733,1
0.156018659472466,0.192728996276855,1
0.253296047449112,0.309123456478119,1
0.318617761135101,0.304988950490952,1
0.3024021089077,0.306261360645294,1
0.34957018494606,0.349089592695236,1
0.283310145139694,0.23051218688488,0
0.220793232321739,0.226327121257782,0
0.221208959817886,0.207437142729759,0
0.180674284696579,0.464537709951401,0
0.4210444688797,0.423485994338989,0
0.431997925043106,0.446488231420517,0
0.453119337558746,0.459853649139404,0
0.464799582958221,0.471219748258591,0
0.471278190612793,0.466742604970932,0
0.459555447101593,0.472576886415482,0
0.492898136377335,0.511162936687469,0
0.545200765132904,0.605578899383545,0
0.599418997764587,0.591368973255157,0
0.58533763885498,0.582944333553314,0
0.578274309635162,0.581457018852234,0
0.595080316066742,0.601176142692566,0
0.608783483505249,0.619909048080444,0
0.62035071849823,0.604231238365173,0
0.596270799636841,0.594974279403687,0
0.582786381244659,0.547245442867279,0
0.526736736297607,0.51118016242981,0
0.506105720996857,0.501017510890961,0
0.500310301780701,0.497948259115219,0
0.487367212772369,0.473391801118851,0
0.462557375431061,0.457624286413193,0
0.478095561265945,0.508788764476776,0
0.534516513347626,0.531912088394165,0
0.526701152324677,0.525506436824799,0
0.537839233875275,0.53912478685379,0
0.53483784198761,0.54910135269165,0
0.556835949420929,0.557583510875702,0
0.562215387821198,0.565606534481049,0
0.575320303440094,0.62807708978653,0
0.626953542232513,0.628850817680359,0
0.614743769168854,0.590717732906342,0
0.564097821712494,0.575679838657379,0
0.591148972511292,0.593483150005341,0
0.5919069647789,0.604864001274109,0
0.598563551902771,0.588426470756531,0
0.582147181034088,0.56281316280365,0
0.553203225135803,0.550113201141357,0
0.548222422599792,0.558971047401428,0
0.572352886199951,0.575779557228088,0
0.586087942123413,0.608299553394318,0
0.6437047123909,0.661150097846985,0
0.655938982963562,0.646824955940247,0
0.634833872318268,0.620540320873261,0
0.615313410758972,0.621847331523895,0
0.632866501808167,0.640691459178925,0
0.64630389213562,0.647185027599335,0
0.633940517902374,0.617758214473724,0
0.600160539150238,0.58240818977356,0
0.5430708527565,0.483891159296036,0
0.44671231508255,0.428251177072525,0
0.409431457519531,0.436962276697159,0
0.532298445701599,0.667609989643097,1
0.738515317440033,0.740301489830017,1
0.727590978145599,0.718191206455231,1
0.708762526512146,0.704297661781311,1
0.700063347816467,0.689397096633911,1
0.677204966545105,0.672657191753387,1
0.393602550029755,0.407482653856277,1
0.412362307310104,0.405505806207657,1
0.344744265079498,0.220904439687729,1
0.0996757745742798,0.0721674412488937,1
0.0525394789874554,0.0478732660412788,1
0.0417532809078693,0.0269900765269995,1
0.00888357497751713,0.00183375924825668,1
-8.58407001942396E-05,0.00319539639167488,1
0.00995270628482103,0.0122276153415442,1
0.0273230522871017,0.0229716710746288,1
0.0086972713470459,-0.0171635970473289,1
-0.0578197650611401,-0.0282196328043938,1
0.0683283880352974,0.168971627950668,1
0.202259287238121,0.194918647408485,1
0.180924981832504,0.160806387662888,1
0.139694839715958,0.113016158342361,1
0.0858845189213753,0.216832131147385,1
0.23071451485157,0.244028151035309,1
0.242303147912025,0.259880036115646,1
0.273261547088623,0.280707687139511,1
0.282834023237228,0.267237335443497,1
0.185325399041176,0.072735533118248,1
0.049338910728693,0.052136342972517,1
0.0582501702010632,0.0562197826802731,1
0.0438225753605366,0.00897819362580776,1
-0.0119431326165795,-0.0390434972941875,1
-0.0513597056269646,-0.0488298833370209,1
-0.0500475391745567,-0.0595702975988388,1
-0.0868813246488571,-0.11052829772234,1
-0.132173731923103,-0.150468215346336,1
-0.15653321146965,-0.0955039784312248,1
-0.00293543050065637,0.0531359873712063,1
0.0658421367406845,0.0619490034878254,1
0.0582058131694794,0.0572341978549957,1
0.0545459985733032,0.0399900041520596,1
0.11240066587925,0.131799876689911,1
0.131947949528694,0.138775676488876,1
0.153932884335518,0.164605334401131,1
0.174089595675468,0.185265272855759,1
0.18722078204155,0.141834706068039,1
0.0644394755363464,0.000927015673369169,1
0.00602279556915164,0.00932859256863594,1
-0.00601081736385822,-0.0296314992010593,1
-0.0390303172171116,-0.0357543751597404,1
-0.0363206751644611,-0.0249860361218452,1
-0.0443094074726105,-0.067603774368763,1
-0.093282163143158,-0.103133536875248,1
-0.0802910849452019,-0.0653025135397911,1
-0.0604250654578209,-0.0443536080420017,1
-0.0192318968474865,-0.0109411552548409,1
-0.0108461165800691,-0.0136880334466696,1
-0.0148610398173332,-0.015089375898242,1
-0.0268516298383474,-0.0317648574709892,1
-0.0179642755538225,8.32174991955981E-05,1
0.0267562661319971,0.055515218526125,1
0.0786311477422714,0.106260627508163,1
0.113739512860775,0.111743554472923,1
0.105422273278236,0.106557801365852,1
0.121790543198586,0.129801690578461,1
0.132726922631264,0.135225713253021,1
0.137459367513657,0.133634075522423,1
0.130871295928955,0.130003914237022,1
0.130001902580261,0.126942291855812,1
0.117197051644325,0.111334398388863,1
0.0846895202994347,0.0782524719834328,1
0.0808060988783836,0.0858843475580215,1
0.0701181069016457,0.0427259206771851,1
0.0207613985985518,0.0298310648649931,1
0.062992550432682,0.112015768885612,1
0.169885918498039,0.199398830533028,1
0.201744019985199,0.200938746333122,1
0.200660228729248,0.1948172301054,1
0.175294667482376,0.164089098572731,1
0.173846796154976,0.174661487340927,1
0.161344438791275,0.156613677740097,1
0.163448631763458,0.16991052031517,1
0.176460966467857,0.163107559084892,1
0.142835810780525,0.0999718382954597,1
0.105923071503639,0.111507542431355,1
0.115756765007973,0.119082748889923,1
0.122812189161778,0.121078312397003,1
0.114847794175148,0.118187583982944,1
0.112666457891464,0.108080551028252,1
0.0650854557752609,0.024175675585866,1
0.0383038111031055,0.0645035430788994,1
0.0893411263823509,0.124737501144409,1
0.187251836061478,0.241822898387909,0
0.24970044195652,0.252923190593719,0
0.253083527088165,0.258013069629669,0
0.264676779508591,0.269720643758774,0
0.266349136829376,0.261605381965637,0
0.25979083776474,0.255659401416779,0
0.251831263303757,0.619808554649353,0
0.664596140384674,0.683521866798401,0
0.673812687397003,0.650757610797882,0
0.622334539890289,0.60040557384491,0
0.586858212947845,0.580098211765289,0
0.567094385623932,0.551983416080475,0
0.559395670890808,0.569453775882721,0
0.574166893959045,0.576431393623352,0
0.565509676933289,0.475446283817291,0
0.415206223726273,0.355102479457855,0
0.300744652748108,0.28927218914032,0
0.287898659706116,0.287522673606873,0
0.286867499351501,0.287339508533478,0
0.284060060977936,0.282532811164856,0
0.315745830535889,0.356078863143921,0
0.382037043571472,0.390782386064529,0
0.397863924503326,0.440777957439423,0
0.513109385967255,0.53180992603302,0
0.549931406974792,0.55472207069397,0
0.558159410953522,0.562593519687653,0
0.564612030982971,0.563227653503418,0
0.556614816188812,0.546804785728455,0
0.528557777404785,0.503199338912964,0
0.493967086076736,0.485402405261993,0
0.482538849115372,0.47022071480751,0
0.457728356122971,0.449378848075867,0
0.426630854606628,0.415918916463852,0
0.413855344057083,0.405877351760864,0
0.40006959438324,0.404230862855911,0
0.419400721788406,0.437113165855408,0
0.43858927488327,0.434519588947296,0
0.42995610833168,0.432274520397186,0
0.453407347202301,0.47801998257637,0
0.482490032911301,0.483814746141434,0
0.478271007537842,0.475219249725342,0
0.481866806745529,0.495166182518005,0
0.499426454305649,0.500086963176727,0
0.488533705472946,0.469677567481995,0
0.45469006896019,0.466431081295013,0
0.468127012252808,0.471035718917847,0
0.475282847881317,0.454447567462921,0
0.423448830842972,0.428273171186447,0
0.430764675140381,0.428314238786697,0
0.416355848312378,0.399982452392578,0
0.401709228754044,0.394677579402924,0
0.393010586500168,0.393192887306213,0
0.394447207450867,0.387069702148438,0
0.402278929948807,0.408236175775528,0
0.411031156778336,0.414021700620651,0
0.419425427913666,0.427780568599701,0
0.425272166728973,0.428379744291306,0
0.446548461914063,0.46450462937355,0
0.477590411901474,0.481756746768951,0
0.478299617767334,0.476239293813705,0
0.476231873035431,0.478288590908051,0
0.480171859264374,0.480107307434082,0
0.480555653572083,0.48053839802742,0
0.479504346847534,0.469522804021835,0
0.464199542999268,0.456349343061447,0
0.44228795170784,0.423977732658386,0
0.39497983455658,0.362638831138611,0
0.326977729797363,0.305595546960831,0
0.313906073570251,0.330522775650024,0
0.34121510386467,0.354334086179733,0
0.36304572224617,0.366859048604965,0
0.368846714496613,0.369845867156982,0
0.363958865404129,0.342230826616287,0
0.308862775564194,0.315288931131363,0
0.350810587406158,0.357718944549561,0
0.3808234333992,0.392670452594757,0
0.403256088495255,0.408314406871796,0
0.405048131942749,0.398500680923462,0
0.399145901203156,0.405896186828613,0
0.419293314218521,0.423863261938095,0
0.416548877954483,0.416282534599304,0
0.416547566652298,0.419397324323654,0
0.399237841367722,0.387741833925247,0
0.400770395994186,0.403894007205963,0
0.391873985528946,0.371196776628494,0
0.36532586812973,0.3919557929039,0
0.411334842443466,0.404060542583466,0
0.389500558376312,0.385027974843979,0
0.405206739902496,0.432605355978012,0
0.473808348178864,0.47969713807106,0
0.477620780467987,0.472635298967361,0
0.459692060947418,0.445873349905014,0
0.437033236026764,0.436342984437943,0
0.435756087303162,0.433557540178299,0
0.429110020399094,0.427182018756866,0
0.422067016363144,0.420249491930008,0
0.406423598527908,0.399507641792297,0
0.383467853069305,0.36046290397644,0
0.360140115022659,0.368705868721008,0
0.376108229160309,0.391893208026886,0
0.404994606971741,0.414589583873749,0
0.424372047185898,0.430935680866241,0
0.434597879648209,0.438214063644409,0
0.44799479842186,0.461987286806107,0
0.465585678815842,0.463450074195862,0
0.475799441337585,0.486137896776199,0
0.486713618040085,0.479463696479797,0
0.476549714803696,0.468811184167862,0
0.461978554725647,0.452414184808731,0
0.439801186323166,0.439470559358597,0
0.440714746713638,0.442083388566971,0
0.443290263414383,0.437155455350876,0
0.415748566389084,0.398410588502884,0
0.372486531734467,0.346737414598465,0
0.328417330980301,0.328175097703934,0
0.322629928588867,0.307254016399384,0
0.300344347953796,0.301107704639435,0
0.297038614749908,0.285318195819855,0
0.278870761394501,0.272913902997971,0
0.270277410745621,0.268342912197113,0
0.271721184253693,0.282939791679382,0
0.294322937726974,0.297197729349136,0
0.300622493028641,0.293997317552567,0
0.312359631061554,0.351813942193985,0
0.392354249954224,0.410894483327866,0
0.401851445436478,0.453871190547943,0
0.601370930671692,0.717294454574585,0
0.77008181810379,0.774767816066742,0
0.762753427028656,0.740100979804993,0
0.711081027984619,0.690636694431305,0
0.674552202224731,0.671098411083221,0
0.663992524147034,0.637170374393463,1
0.288968175649643,0.297469973564148,1
0.307116836309433,0.323610812425613,1
0.34165832400322,0.334205329418182,1
0.277846813201904,0.17579086124897,1
0.0801981836557388,0.0789323821663857,1
0.0936861410737038,0.0921085253357887,1
0.068434551358223,0.0348804444074631,1
0.0241688992828131,0.00936635304242373,1
-0.00411658780649304,0.0144587671384215,1
0.0500187017023563,0.0820523425936699,1
0.153671503067017,0.205278813838959,1
0.261585533618927,0.297220945358276,1
0.304507941007614,0.2938551902771,1
0.27561217546463,0.245991423726082,1
0.208517342805862,0.193699419498444,1
0.18704953789711,0.183337673544884,1
0.180790051817894,0.170981660485268,1
-0.0530076771974564,-0.0453586466610432,1
-0.017361106351018,0.0352540276944637,1
0.085333876311779,0.0709992498159409,1
-0.00184963073115796,-0.0704497545957565,1
-0.0949762463569641,-0.0799073427915573,1
-0.0543815046548843,-0.028048500418663,1
-0.0027596396394074,0.0223554354161024,1
0.0390652604401112,0.0451592057943344,1
0.056559719145298,0.0595681853592396,1
0.0611242465674877,0.0650659427046776,1
0.0708408504724503,0.065277636051178,1
0.0727168545126915,0.0859034582972527,1
0.0969880223274231,0.109655521810055,1
0.119972825050354,0.119765684008598,1
0.112709797918797,0.113934323191643,1
0.105930708348751,0.170000866055489,1
0.291747123003006,0.37674143910408,1
0.400427937507629,0.404992341995239,1
0.40311461687088,0.393459886312485,1
0.397936016321182,0.407962590456009,1
0.41542199254036,0.419022649526596,1
0.429812341928482,0.459950834512711,1
0.468691289424896,0.468691289424896,1
0.468409597873688,0.466329663991928,1
0.433919101953506,0.350328475236893,1
0.268799006938934,0.22086963057518,1
0.187646299600601,0.179944261908531,1
0.174476951360703,0.184415355324745,1
0.187947779893875,0.192670717835426,1
0.179892495274544,0.115693613886833,1
0.0315464623272419,-0.0324712730944157,1
-0.0527860559523106,-0.0516680032014847,1
-0.034421868622303,0.00336905522271991,1
0.0353929176926613,0.0623906254768372,1
0.0719663873314857,0.0742686986923218,1
0.0731769725680351,0.070668525993824,1
0.067679226398468,0.069589838385582,1
0.0775347203016281,0.0781918987631798,1
0.0714179947972298,0.0524427816271782,1
0.0277303792536259,0.00771101238206029,1
0.00761054735630751,0.0673766136169434,1
0.232686594128609,0.359754890203476,1
0.388028234243393,0.396673321723938,1
0.404375106096268,0.423060357570648,1
0.464816689491272,0.502524077892303,1
0.518547594547272,0.521533787250519,1
0.521786689758301,0.521786689758301,1
0.521786689758301,0.521786689758301,1
0.512046277523041,0.491078197956085,0
0.483994007110596,0.477305829524994,0
0.468575447797775,0.462336450815201,0
0.445702642202377,0.421065181493759,0
0.397336453199387,0.384112060070038,0
0.381373077630997,0.380075246095657,0
0.387741923332214,0.410936564207077,0
0.414805561304092,0.414001166820526,0
0.413971573114395,0.403150022029877,0
0.397320926189423,0.388256549835205,0
0.388811349868774,0.394033551216125,0
0.398347616195679,0.397032231092453,0
0.383571922779083,0.357652336359024,0
0.346423417329788,0.32933109998703,0
0.318632751703262,0.32213082909584,0
0.327954918146133,0.323047637939453,0
0.305494397878647,0.288846790790558,0
0.269484788179398,0.266354084014893,0
0.268393278121948,0.277765870094299,0
0.287993580102921,0.302183657884598,0
0.307395726442337,0.306204587221146,0
0.32089239358902,0.350973904132843,0
0.361139237880707,0.362732708454132,0
0.360713392496109,0.353807926177979,0
0.346545279026031,0.343389958143234,0
0.344651579856873,0.339316368103027,0
0.32253360748291,0.312417834997177,0
0.311983346939087,0.309189707040787,0
0.305260241031647,0.304925411939621,0
0.30122646689415,0.291184902191162,0
0.295674383640289,0.320551574230194,0
0.348468452692032,0.373779982328415,0
0.388089507818222,0.405561149120331,0
0.429520308971405,0.438662797212601,0
0.437086582183838,0.443989157676697,0
0.449247658252716,0.452965557575226,0
0.45338049530983,0.446258783340454,0
0.439067780971527,0.437486976385117,0
0.432414799928665,0.430265992879868,0
0.425178021192551,0.417477607727051,0
0.416329145431519,0.416599810123444,0
0.410255193710327,0.385398089885712,0
0.370189070701599,0.378718793392181,0
0.405110746622086,0.43596151471138,0
0.459911227226257,0.465276777744293,0
0.465193331241608,0.468332469463348,0
0.473306506872177,0.471907913684845,0
0.467101156711578,0.463797092437744,0
0.461115181446075,0.462992995977402,0
0.458585470914841,0.448757231235504,0
0.441678881645203,0.436317026615143,0
0.436394184827805,0.421451210975647,0
0.388828366994858,0.37629771232605,0
0.368430346250534,0.393784463405609,0
0.482654333114624,0.632618844509125,0
0.792015016078949,0.791582882404327,1
0.788503408432007,0.778327167034149,1
0.728183150291443,0.671853005886078,1
0.657306492328644,0.654603838920593,1
0.652166783809662,0.295874625444412,1
0.298010855913162,0.303305715322495,1
0.322144478559494,0.345435708761215,1
0.33761128783226,0.24848484992981,1
0.125232502818108,0.0345191061496735,1
0.000786707270890474,-0.015107749029994,1
-0.0171911101788282,-0.0269695203751326,1
-0.0596598461270332,-0.114319771528244,1
-0.141200855374336,-0.157360464334488,1
-0.164924621582031,-0.145501494407654,1
-0.138966456055641,-0.145747065544128,1
-0.154439076781273,-0.149512514472008,1
-0.131699070334435,-0.124404728412628,1
-0.110052272677422,-0.0746712982654572,1
-0.042317871004343,-0.0344240367412567,1
-0.0306373443454504,-0.0268133915960789,1
-0.0278809498995543,-0.0293411165475845,1
-0.0260173249989748,-0.0190115217119455,1
-0.024393068626523,-0.0203398466110229,1
0.011022325605154,0.0268319565802813,1
0.0678092166781425,0.151785120368004,1
0.203053161501884,0.198785677552223,1
0.161103174090385,0.115840129554272,1
0.084821879863739,0.0811911076307297,1
0.0769033432006836,0.0892146900296211,1
0.0902470797300339,0.0761157274246216,1
0.0655059143900871,0.136414259672165,1
0.214104577898979,0.247736141085625,1
0.251279324293137,0.234950140118599,1
0.165009528398514,0.0904735997319222,1
0.068021222949028,0.0655232220888138,1
0.0560149326920509,0.0453009009361267,1
0.0343549028038979,0.0279419682919979,1
0.0284121986478567,0.00725376792252064,1
-0.0172819402068853,0.15047550201416,1
0.16885969042778,0.203697055578232,1
0.230178043246269,0.217470929026604,1
0.12020654976368,-0.00232075480744243,1
-0.0660605505108833,-0.07188880443573,1
-0.0577811598777771,-0.038882277905941,1
-0.0159085281193256,0.00304080848582089,1
0.0222091972827911,0.0841732323169708,1
0.107092313468456,0.212654739618301,1
0.316184759140015,0.350148499011993,1
0.34350848197937,0.332505434751511,1
0.320338070392609,0.311671823263168,1
0.346833676099777,0.346833676099777,1
0.346833676099777,0.347224593162537,1
0.349942654371262,0.351441383361816,1
0.351441383361816,0.351441383361816,1
0.349208861589432,0.317046731710434,1
0.251135438680649,0.232988953590393,1
0.237768620252609,0.216533929109573,1
0.219385981559753,0.223604515194893,1
0.24463877081871,0.289523065090179,1
0.306883871555328,0.30577352643013,1
0.302288860082626,0.299843490123749,1
0.299489915370941,0.299221962690353,1
0.395420163869858,0.425884991884232,1
0.469519287347794,0.513225674629211,1
0.524796783924103,0.706296443939209,1
0.697407126426697,0.693947792053223,1
0.685051202774048,0.64565509557724,1
0.567084550857544,0.491152197122574,1
0.461703062057495,0.463848978281021,1
0.479295700788498,0.502883791923523,1
0.537444353103638,0.561769545078278,1
0.559156954288483,0.472617596387863,1
0.34316074848175,0.288020730018616,1
0.283843338489532,0.283843338489532,1
0.283843338489532,0.284584820270538,1
0.287769317626953,0.296741455793381,1
0.311477810144424,0.320225864648819,1
0.314234048128128,0.303657591342926,1
0.292409092187881,0.291228443384171,1
0.290433049201965,0.268959105014801,1
0.245461717247963,0.248033612966537,1
0.243005305528641,0.239223182201386,1
0.240033566951752,0.268545538187027,1
0.364881128072739,0.488995522260666,1
0.593168556690216,0.653512120246887,1
0.689503788948059,0.715570628643036,1
0.727547168731689,0.728137254714966,1
0.730259776115417,0.728533625602722,1
0.722536146640778,0.721807718276978,1
0.72408539056778,0.72657436132431,1
0.727667212486267,0.728506922721863,1
0.726735532283783,0.72291100025177,1
0.719425439834595,0.691714763641357,1
0.655431687831879,0.609555721282959,1
0.544864296913147,0.478725522756577,1
0.435210168361664,0.508003771305084,1
0.583979070186615,0.646109998226166,1
0.665353000164032,0.640790462493896,1
0.639984130859375,0.638844311237335,1
0.635733902454376,0.618742942810059,1
0.584216415882111,0.593519985675812,1
0.599894344806671,0.600575089454651,1
0.600575089454651,0.600112795829773,1
0.596542119979858,0.593933463096619,1
0.581665098667145,0.506280958652496,1
0.388606637716293,0.302428752183914,1
0.260411322116852,0.28336888551712,1
0.29171958565712,0.290215641260147,1
0.141735851764679,0.122354686260223,1
0.166077792644501,0.258942574262619,1
0.313354939222336,0.323636054992676,1
0.317342728376389,0.317083269357681,1
0.318037629127502,0.318037629127502,1
0.318037629127502,0.318037629127502,1
0.309587001800537,0.307561010122299,1
0.304577976465225,0.302218168973923,1
0.301712691783905,0.297700166702271,1
0.287430703639984,0.23825865983963,1
0.141446262598038,0.0759001150727272,1
0.0587562918663025,0.0392703898251057,1
0.0271286759525537,0.0215426608920097,1
0.0403174236416817,0.0613716542720795,1
0.0819258913397789,0.0828164666891098,1
0.0828164666891098,0.0828164666891098,1
0.0828164666891098,0.0825350135564804,1
0.0791659653186798,0.0733654126524925,0
0.0745588690042496,0.0765602514147758,0
0.0748942494392395,0.0699802339076996,0
0.0573447123169899,0.0321405753493309,0
-0.0103850169107318,-0.0509279891848564,0
-0.0564972348511219,-0.0434363260865211,0
0.490978568792343,0.509401440620422,0
0.514186859130859,0.514848828315735,0
0.508875012397766,0.508981883525848,0
0.495683372020721,0.462543398141861,0
0.424480885267258,0.40838235616684,0
0.409481287002563,0.427201479673386,0
0.4350745677948,0.434271246194839,0
0.419473111629486,0.394213318824768,0
0.369476288557053,0.340964376926422,0
0.32149475812912,0.310193240642548,0
0.30636727809906,0.32971453666687,0
0.34804904460907,0.351106643676758,0
0.346853584051132,0.33587384223938,0
0.32610097527504,0.31694507598877,0
0.302446156740189,0.297671347856522,0
0.298584073781967,0.292243480682373,0
0.283323049545288,0.295136749744415,0
0.324187725782394,0.334962099790573,0
0.336970746517181,0.331840991973877,0
0.34262016415596,0.35793125629425,0
0.372963309288025,0.378001898527145,0
0.381796181201935,0.385084569454193,0
0.383900344371796,0.381701797246933,0
0.392987549304962,0.410815268754959,0
0.416595846414566,0.416312158107758,0
0.406585991382599,0.402970969676971,0
0.411012411117554,0.423278570175171,0
0.437365859746933,0.440303474664688,0
0.447552502155304,0.45420441031456,0
0.458340495824814,0.463441550731659,0
0.461927682161331,0.4562628865242,0
0.452672779560089,0.442780166864395,0
0.420752912759781,0.40635073184967,0
0.441592574119568,0.473052740097046,0
0.484652996063232,0.482296079397202,0
0.470210313796997,0.446711033582687,0
0.431539267301559,0.42705374956131,0
0.445189863443375,0.469062745571136,0
0.490625590085983,0.510457396507263,0
0.522412478923798,0.52768862247467,0
0.528270184993744,0.528189718723297,0
0.523166537284851,0.506660163402557,1
0.484437048435211,0.455905765295029,1
0.43087175488472,0.450575798749924,1
0.466593742370605,0.460838794708252,1
0.446739315986633,0.427194118499756,1
0.414829164743423,0.407014787197113,1
0.390368431806564,0.36730021238327,1
0.355398565530777,-0.0228098221123219,1
-0.0162684433162212,-0.00560707971453667,1
0.000657659722492099,0.0160795729607344,1
0.0404423773288727,0.0202010571956635,1
-0.00845024082809687,-0.0259142834693193,1
-0.0297824535518885,-0.0155884195119143,1
0.0695855841040611,0.249600112438202,1
0.402335077524185,0.461268842220306,1
0.47130674123764,0.473695486783981,1
0.47515994310379,0.475779265165329,1
0.476898282766342,0.478977620601654,1
0.484875410795212,0.484875410795212,1
0.484875410795212,0.484875410795212,1
0.485213726758957,0.485786378383636,1
0.485460996627808,0.473725438117981,1
0.393783748149872,0.242102578282356,1
0.0869740322232246,0.0240054950118065,1
0.012912679463625,-0.000288908515358344,1
-0.0146213630214334,-0.0259395707398653,1
-0.0381641499698162,-0.0596215315163136,1
-0.0993555188179016,-0.101814672350883,1
-0.0969696640968323,-0.0879234224557877,1
-0.075436994433403,-0.066680483520031,1
-0.07272107899189,-0.0756982043385506,1
-0.068518154323101,-0.071394145488739,1
-0.0639118775725365,-0.0380315631628037,1
-0.0267729628831148,-0.020404951646924,1
-0.0210364256054163,-0.0329262986779213,1
-0.0463437475264072,-0.0483535192906857,1
-0.0366174951195717,-0.0269090309739113,1
-0.0356354303658009,-0.0505349226295948,1
-0.0605559907853603,-0.0765522196888924,1
-0.091360792517662,-0.0737029239535332,1
-0.0237677413970232,-0.0107993315905333,1
-0.0200589466840029,-0.0361674949526787,1
-0.0529192984104156,-0.0687312632799149,1
-0.0490250699222088,-0.0208562258630991,1
-0.0185101386159658,-0.011207427829504,1
-0.00746585801243782,-0.00172580417711288,1
0.0043158121407032,0.0133973322808743,1
0.025197334587574,0.0355089493095875,1
0.0240548551082611,-0.00205976166762412,1
-0.0325622670352459,-0.0448994524776936,1
-0.0289676897227764,-0.0148582449182868,1
-0.025770865380764,-0.0696898922324181,1
-0.108638152480125,-0.111826941370964,1
-0.097349613904953,-0.0880486071109772,1
-0.0846230536699295,-0.0791969522833824,1
-0.0788604691624641,-0.0832077339291573,1
-0.0844088494777679,-0.0707316622138023,1
-0.0600325874984264,-0.038218479603529,1
-0.0213797800242901,-0.0314614325761795,1
-0.0535548441112041,-0.0683983489871025,1
-0.0756431147456169,-0.0756865441799164,1
-0.0838617384433746,-0.0746122971177101,1
-0.0216747839003801,0.00314350752159953,1
0.00523782195523381,-0.00135891849640757,1
-0.00788147281855345,-0.0193411689251661,1
-0.00699232565239072,0.0437041372060776,1
0.107181400060654,0.137139931321144,1
0.150269463658333,0.153684839606285,1
0.159182921051979,0.164665833115578,1
0.164243385195732,0.160062909126282,1
0.148377239704132,0.1368567943573,1
0.159327283501625,0.266112983226776,1
0.337364345788956,0.3994961977005,1
0.40813621878624,0.413955390453339,1
0.414357453584671,0.413993090391159,1
0.414987802505493,0.414241820573807,1
0.414631605148315,0.413255304098129,1
0.408605009317398,0.39803946018219,1
0.378607332706451,0.375727891921997,1
0.370713442564011,0.119851939380169,1
0.445831537246704,0.545270085334778,1
0.552376747131348,0.565111994743347,1
0.579804182052612,0.598782479763031,1
0.616928815841675,0.606882095336914,1
0.583543181419373,0.583671092987061,1
0.583168983459473,0.583435118198395,1
0.583572387695313,0.591820538043976,1
0.595874309539795,0.582006096839905,1
0.56449431180954,0.556368231773376,1
0.556317210197449,0.55467027425766,1
0.550870358943939,0.545805513858795,1
0.531160831451416,0.486765801906586,1
0.423843502998352,0.378395885229111,1
0.350548982620239,0.338923335075378,1
0.327053934335709,0.302679568529129,1
0.246497586369514,0.159664258360863,1
0.065791442990303,0.0118067460134625,0
0.00888295006006956,0.228752553462982,0
0.236356854438782,0.236356854438782,0
0.236356854438782,0.236356854438782,0
0.236356854438782,0.238377541303635,0
0.236884385347366,0.232558131217957,0
0.230805724859238,0.230805724859238,0
0.449975699186325,0.520439028739929,0
0.576974809169769,0.610164284706116,0
0.615258276462555,0.540892958641052,0
0.416296720504761,0.367029309272766,0
0.364482343196869,0.371359288692474,0
0.375948458909988,0.372525244951248,0
0.363284200429916,0.353159368038177,0
0.351699084043503,0.351143270730972,0
0.346328765153885,0.337540566921234,0
0.338661551475525,0.364924907684326,0
0.377979218959808,0.388878136873245,0
0.399076193571091,0.411520689725876,0
0.431975424289703,0.440693825483322,0
0.432925641536713,0.420314460992813,0
0.399603188037872,0.392330408096313,0
0.394406586885452,0.391482174396515,0
0.385084182024002,0.381466567516327,0
0.381926357746124,0.37589219212532,0
0.37260514497757,0.36763146519661,0
0.374896317720413,0.391829967498779,0
0.389665126800537,0.389520972967148,0
0.375793159008026,0.365983188152313,0
0.366710215806961,0.374025762081146,0
0.379048347473145,0.383277416229248,0
0.414302229881287,0.477470099925995,0
0.514526844024658,0.519596934318542,0
0.519552528858185,0.518135964870453,0
0.511772155761719,0.52101343870163,0
0.530114710330963,0.521538257598877,0
0.511479914188385,0.503262400627136,0
0.499779284000397,0.4928038418293,0
0.479841589927673,0.472459971904755,0
0.465475291013718,0.453656554222107,0
0.430688053369522,0.401705861091614,0
0.381127893924713,0.371650338172913,0
0.387582063674927,0.416435927152634,0
0.422837197780609,0.41537943482399,0
0.434502333402634,0.452684968709946,0
0.46382275223732,0.473400413990021,0
0.476914435625076,0.4807468354702,0
0.484587341547012,0.491442203521729,0
0.494728684425354,0.494207769632339,0
0.491859525442123,0.489380240440369,0
0.496048420667648,0.517928779125214,0
0.500558376312256,0.455964297056198,0
0.44508895277977,0.449268639087677,0
0.45939901471138,0.460465282201767,0
0.455969721078873,0.447025656700134,0
0.417417109012604,0.391835510730743,0
0.395730465650558,0.423789352178574,0
0.454924255609512,0.473273128271103,0
0.474346369504929,0.460070729255676,0
0.455194681882858,0.468086123466492,0
0.471107214689255,0.474090397357941,0
0.487038135528564,0.494666993618011,0
0.486024111509323,0.466580450534821,0
0.467450439929962,0.479821264743805,0
0.477000176906586,0.465213268995285,0
0.45732194185257,0.427282184362412,0
0.426709204912186,0.426560938358307,0
0.40221232175827,0.422113656997681,0
0.431255370378494,0.431154280900955,0
0.436858087778091,0.435257315635681,0
0.420458406209946,0.419383674860001,0
0.425765097141266,0.432292699813843,0
0.441318869590759,0.449228256940842,0
0.45457997918129,0.46174693107605,0
0.466308057308197,0.466180115938187,0
0.471603453159332,0.469200193881989,0
0.453569650650024,0.441204071044922,0
0.437289088964462,0.428106188774109,0
0.438508421182632,0.4646055996418,0
0.485593438148499,0.497996658086777,0
0.492829352617264,0.462457984685898,0
0.469735652208328,0.490583509206772,0
0.492860436439514,0.491368770599365,0
0.485934466123581,0.477590292692184,0
0.473269492387772,0.470227599143982,0
0.466295331716537,0.45642477273941,0
0.45654770731926,0.459860920906067,0
0.450300455093384,0.441296488046646,0
0.430161505937576,0.423379480838776,0
0.410423576831818,0.356844007968903,0
0.353698998689651,0.362584441900253,0
0.369885295629501,0.375193238258362,0
0.400353223085403,0.404730379581451,1
0.412638008594513,0.429442703723907,1
0.567535221576691,0.668367207050323,1
0.710866153240204,0.718134462833405,1
0.705492079257965,0.690620481967926,1
0.671886444091797,0.641991257667542,1
0.624586164951324,0.622697174549103,1
0.622438788414001,0.637199640274048,1
0.597385346889496,0.622805058956146,1
0.624501049518585,0.624332845211029,1
0.623776078224182,0.601297080516815,1
0.536665737628937,0.473001331090927,1
0.417259901762009,0.473726034164429,1
0.579534351825714,0.64994752407074,1
0.661493718624115,0.661493718624115,1
0.661493718624115,0.656334757804871,1
0.608136117458344,0.493311375379562,1
0.432965993881226,0.400563329458237,1
0.390461146831512,0.281381338834763,1
0.107357047498226,0.150043711066246,1
0.176553174853325,0.206777095794678,1
0.227697893977165,0.203991919755936,1
0.112125836312771,0.00389407272450626,1
-0.0212600640952587,-0.021553847938776,1
-0.0195510350167751,-0.0185722652822733,1
-0.0171110387891531,-0.01469252910465,1
-0.00553715927526355,0.0190912801772356,1
0.0533777475357056,0.0679183080792427,1
0.0726696774363518,0.0776462703943253,1
0.0859365314245224,0.0892204865813255,1
0.106389716267586,0.147384256124496,1
0.203537806868553,0.227444380521774,1
0.230419844388962,0.229602217674255,1
0.253337919712067,0.250628381967545,1
0.250186115503311,0.299848109483719,1
0.343788325786591,0.353964000940323,1
0.350700974464417,0.350110411643982,1
0.349108755588531,0.348263174295425,1
0.340776890516281,0.316005349159241,1
0.309772402048111,0.292348593473434,1
0.290002942085266,0.235100761055946,1
0.238493785262108,0.2482600659132,1
0.263495653867722,0.289206713438034,1
0.282299548387527,0.224464774131775,1
0.130708381533623,0.0903257578611374,1
0.0805657058954239,0.0813777223229408,1
0.0953757390379906,0.0955489948391914,1
0.0927328914403915,0.0928464755415916,1
0.0973956510424614,0.105635277926922,1
0.10831942409277,0.109929315745831,1
0.116773903369904,0.119526751339436,1
0.112018756568432,0.0931858196854591,1
0.0806194618344307,0.0737806856632233,1
0.0696125477552414,0.0674522295594215,1
0.0622071474790573,0.0424465723335743,1
0.0146682756021619,-0.0200682077556849,1
-0.0282024517655373,0.0201653409749269,1
0.0681736916303635,0.0650247260928154,1
0.0426509343087673,0.0178364869207144,1
-0.0200448017567396,-0.0799990147352219,1
-0.130164310336113,-0.114382892847061,1
-0.101978205144405,-0.0932898744940758,1
0.0305128358304501,0.0322524942457676,1
0.0396538823843002,0.0658869221806526,1
0.11581626534462,0.142226666212082,1
0.136891111731529,0.131414711475372,1
0.139141589403152,0.152467116713524,1
0.186456337571144,0.251584261655808,1
0.384308069944382,0.42856639623642,1
0.446765840053558,0.456725209951401,1
0.47011661529541,0.489413231611252,1
0.491502016782761,0.492696225643158,1
0.476665407419205,0.427377015352249,1
0.422912329435349,0.422923266887665,1
0.421282798051834,0.418443292379379,1
0.411393642425537,0.403119415044785,1
0.384992063045502,0.350633084774017,1
0.306790262460709,0.281404852867126,1
0.267900258302689,0.227454528212547,1
0.136831864714623,0.0450021848082542,1
0.0104429069906473,-0.00290087540633976,1
-0.00643778312951326,-0.00359299476258457,1
-0.00333239184692502,-0.00631316006183624,1
-0.0101638799533248,-0.00754029536619782,1
-0.000814264232758433,0.00292521947994828,1
0.0103832399472594,0.000377479649614543,1
-0.00932689197361469,0.0136843454092741,1
0.0988664850592613,0.148411825299263,1
0.13322040438652,0.130150586366653,0
0.133661240339279,0.13234706223011,0
0.168216481804848,0.168216481804848,0
0.168216481804848,0.168216481804848,0
0.168216481804848,0.168216481804848,0
0.168216481804848,0.168216481804848,0
0.164618641138077,0.433726161718369,0
0.475542336702347,0.503440618515015,0
0.516327857971191,0.518488109111786,0
0.500778377056122,0.403994351625443,0
0.328280568122864,0.302694857120514,0
0.314973175525665,0.344586908817291,0
0.383268535137177,0.405037850141525,0
0.397361010313034,0.391137003898621,0
0.38846230506897,0.393170058727264,0
0.390979677438736,0.383146911859512,0
0.379272133111954,0.374034613370895,0
0.360683679580688,0.33873850107193,0
0.325127512216568,0.327311933040619,0
0.349114328622818,0.40825217962265,0
0.480553239583969,0.521174132823944,0
0.533457279205322,0.533215045928955,0
0.533975422382355,0.544977009296417,0
0.549932777881622,0.555428028106689,0
0.566296756267548,0.573655247688293,0
0.579362511634827,0.583490312099457,0
0.587995111942291,0.591111660003662,0
0.596634387969971,0.608132600784302,0
0.624511003494263,0.59788703918457,0
0.524376928806305,0.416914939880371,0
0.403611779212952,0.408039659261703,0
0.392049670219421,0.352319449186325,0
0.325354397296906,0.354110807180405,0
0.372312158346176,0.380099058151245,0
0.383458405733109,0.383313983678818,0
0.381430894136429,0.375696957111359,0
0.367639482021332,0.370239645242691,0
0.372772991657257,0.372480899095535,0
0.360963433980942,0.340126156806946,0
0.353745818138123,0.373474985361099,0
0.379818499088287,0.378841936588287,0
0.381202816963196,0.38022455573082,0
0.377300083637238,0.387840270996094,0
0.394716113805771,0.392536461353302,0
0.386120945215225,0.388179063796997,0
0.39694482088089,0.516905188560486,0
0.685208916664124,0.771765649318695,0
0.789272665977478,0.78072589635849,1
0.779093146324158,0.779905617237091,1
0.779501557350159,0.778504312038422,1
0.778504312038422,0.777795732021332,1
0.774809300899506,0.774024844169617,1
0.773685097694397,0.774510085582733,1
0.775076746940613,0.567241966724396,1
0.549157083034515,0.475796073675156,1
0.325846791267395,0.154136747121811,1
0.0434180088341236,-0.0153004080057144,1
-0.0283769425004721,0.0282128546386957,1
0.085109606385231,0.113488875329494,1
0.115441508591175,0.180434703826904,1
0.380876302719116,0.504286825656891,1
0.522337913513184,0.510238766670227,1
0.502192080020905,0.499958693981171,1
0.499200254678726,0.498089492321014,1
0.492336273193359,0.499470889568329,1
0.499806702136993,0.47579887509346,1
0.324125021696091,0.353338629007339,1
0.380511879920959,0.403104573488235,1
0.402326226234436,0.396708458662033,1
0.289286762475967,0.115021444857121,1
0.0141814202070236,-0.0120167275890708,1
0.0136098945513368,0.113688737154007,1
0.229898527264595,0.310164391994476,1
0.339103430509567,0.341666758060455,1
0.340500801801682,0.344902694225311,1
0.346291065216064,0.344609200954437,1
0.344878554344177,0.345378428697586,1
0.345655649900436,0.346137225627899,1
0.347943693399429,0.349674493074417,1
0.351678907871246,0.358917593955994,1
0.331175178289413,0.262970298528671,1
0.181103065609932,0.126725062727928,1
0.0958671197295189,0.0559087544679642,1
0.0396898649632931,0.0423086360096931,1
0.0560742542147636,0.0646816790103912,1
0.066262848675251,0.0662966892123222,1
0.0771234855055809,0.0815576612949371,1
0.0941311866044998,0.11646331846714,1
0.14875765144825,0.157608211040497,1
0.141615822911263,0.118710957467556,1
0.105887673795223,0.0963440835475922,1
0.086810790002346,0.0789907947182655,1
0.118353977799416,0.112100325524807,1
0.103334240615368,0.02731703966856,1
0.0244705453515053,0.0218835324048996,1
0.00730147119611502,-0.00907754991203547,1
-0.0288031101226807,-0.0561661794781685,1
-0.0605448298156261,-0.056231677532196,1
-0.0470807515084744,-0.0406635664403439,1
0.113273277878761,0.122053243219852,1
0.130948692560196,0.142501994967461,1
0.0963011309504509,0.123628348112106,1
0.115291133522987,0.0907154306769371,1
0.0612147115170956,0.0576486401259899,1
0.0650366768240929,0.0652384907007217,1
0.0618748478591442,0.0537197478115559,1
0.0308117605745792,0.0793147534132004,1
0.157400608062744,0.193897232413292,1
0.20152460038662,0.196246132254601,1
0.190906271338463,0.182858914136887,1
0.174343451857567,0.169000670313835,1
0.17850798368454,0.203932344913483,1
0.246062070131302,0.300007790327072,1
0.33295813202858,0.349206507205963,1
0.354222029447556,0.345250278711319,1
0.335754156112671,0.2925725877285,1
0.260769009590149,0.255078375339508,1
0.255548059940338,0.252856612205505,1
0.253550857305527,0.258958607912064,1
0.252408802509308,0.249029070138931,1
0.240167677402496,0.223690703511238,1
0.19874607026577,0.173876389861107,1
0.125973999500275,0.0508598610758781,1
0.0122094992548227,0.0167811904102564,1
0.061441071331501,0.164972335100174,1
0.263380408287048,0.293310701847076,1
0.293833822011948,0.291191846132278,1
0.284117102622986,0.283002287149429,1
0.270316481590271,0.251152366399765,1
0.29356324672699,0.292630434036255,1
0.297698706388474,0.300073206424713,1
0.33515253663063,0.340038478374481,1
0.340540260076523,0.340793788433075,1
0.309344679117203,0.251241147518158,1
0.191789135336876,0.166164770722389,1
0.162635236978531,0.161655768752098,1
0.166023150086403,0.164468765258789,1
0.167153894901276,0.164918005466461,1
0.151515200734138,0.0913733094930649,1
-0.0329409092664719,-0.0929667875170708,1
-0.0819533094763756,-0.0447780750691891,1
-0.0117897968739271,0.0171768441796303,1
0.054001908749342,0.0715732648968697,1
0.0761130973696709,0.0751100853085518,1
0.0717449486255646,0.0630620568990707,1
0.0555663593113422,0.0565188862383366,1
0.0562653914093971,0.0561864376068115,1
0.0552116110920906,0.0411339737474918,1
0.0416358336806297,0.0468331426382065,1
0.053769625723362,0.052734486758709,1
0.0211362186819315,-0.0244750622659922,1
-0.055266760289669,-0.0323970392346382,1
-0.00540177011862397,-0.00472450908273458,1
-0.0118579380214214,-0.015346260741353,1
-0.0112665109336376,-0.00195656390860677,1
0.00809979438781738,0.0251551512628794,1
0.0570790655910969,0.0742780342698097,1
0.0743518173694611,0.0821009278297424,1
0.0785525515675545,0.103324867784977,1
0.158973217010498,0.235338792204857,1
0.248289495706558,0.235507741570473,1
0.230947256088257,0.224941551685333,1
0.221136316657066,0.226801335811615,1
0.21446530520916,0.216229900717735,0
0.21993713080883,0.221482187509537,0
0.221522629261017,0.222030982375145,0
0.226142689585686,0.227346524596214,0
0.225006178021431,0.208343952894211,0
0.564448595046997,0.556359469890594,0
0.555926978588104,0.570892095565796,0
0.581572115421295,0.572121679782867,0
0.559315204620361,0.548344254493713,0
0.558500051498413,0.559574365615845,0
0.553822040557861,0.552934467792511,0
0.559029638767242,0.557586431503296,0
0.545536041259766,0.537929654121399,0
0.526239573955536,0.501614272594452,0
0.477152556180954,0.465692013502121,0
0.446552932262421,0.418726325035095,0
0.400103688240051,0.399970054626465,0
0.410497486591339,0.421043157577515,0
0.433032065629959,0.435193032026291,0
0.428114354610443,0.403985410928726,0
0.376172691583633,0.365725100040436,0
0.360223203897476,0.360778152942657,0
0.365859508514404,0.368946492671967,0
0.365001320838928,0.358418166637421,0
0.355657160282135,0.355155676603317,0
0.355911493301392,0.359877198934555,0
0.363967090845108,0.365117728710175,0
0.352087318897247,0.340701788663864,0
0.312812715768814,0.297871828079224,0
0.291441529989243,0.288459241390228,0
0.286284208297729,0.302860647439957,0
0.310440510511398,0.323673576116562,0
0.334724813699722,0.337735950946808,0
0.337485760450363,0.33195036649704,0
0.3247210085392,0.305955529212952,0
0.294612050056458,0.287191778421402,0
0.299641281366348,0.318313539028168,0
0.333720862865448,0.342093050479889,0
0.369766712188721,0.380088180303574,0
0.389998704195023,0.394915759563446,0
0.387833803892136,0.381429433822632,0
0.385846704244614,0.397353529930115,0
0.40111717581749,0.400537014007568,0
0.399634122848511,0.413191080093384,0
0.424585402011871,0.426150232553482,0
0.422732561826706,0.414996892213821,0
0.408828228712082,0.397223472595215,0
0.386616677045822,0.409735918045044,1
0.424428164958954,0.474283397197723,1
0.570823013782501,0.651204884052277,1
0.680403590202332,0.675205171108246,1
0.649961888790131,0.621318399906158,1
0.614174783229828,0.61227935552597,1
0.611050605773926,0.609922111034393,1
0.608107030391693,0.600403785705566,1
0.574432134628296,0.540082037448883,1
0.522068679332733,0.517032146453857,1
0.514468848705292,0.472208559513092,1
0.3828464448452,0.290064185857773,1
0.27414482831955,0.299586534500122,1
0.321316033601761,0.323047965764999,1
0.321792304515839,0.321404904127121,1
0.322829514741898,0.327510446310043,1
0.349070519208908,0.347814440727234,1
0.341300964355469,0.319946944713593,1
0.314600080251694,0.312524139881134,1
0.311255395412445,0.311271578073502,1
0.307897806167603,0.291929394006729,1
0.228297591209412,0.211670622229576,1
0.211373716592789,0.210470125079155,1
0.200072422623634,-0.114332623779774,1
-0.0598761886358261,0.016578109934926,1
0.095115639269352,0.167811393737793,1
0.225810408592224,0.275068640708923,1
0.310746788978577,0.333706825971603,1
0.371255159378052,0.397062659263611,1
0.419488072395325,0.419488072395325,1
0.419488072395325,0.419488072395325,1
0.440285831689835,0.457080155611038,1
0.463688433170319,0.474371552467346,0
0.482864826917648,0.49524387717247,0
0.501350283622742,0.499958753585815,0
0.493403911590576,0.487894356250763,0
0.48617485165596,0.48617485165596,0
0.48617485165596,0.48617485165596,0
0.485611438751221,0.485202610492706,0
0.484903007745743,0.484580725431442,0
0.357367187738419,0.363375961780548,0
0.34726881980896,0.324210524559021,0
0.304740726947784,0.315247297286987,0
0.342020660638809,0.347173392772675,0
0.360369086265564,0.382615715265274,0
0.402642905712128,0.415266931056976,0
0.423052579164505,0.434430569410324,0
0.435751765966415,0.436556577682495,0
0.444854617118835,0.454144924879074,0
0.460409700870514,0.462210267782211,0
0.462210267782211,0.455417782068253,0
0.42733359336853,0.383586585521698,0
0.350657939910889,0.325764805078506,0
0.303643792867661,0.275585621595383,0
0.265372842550278,0.259055078029633,0
0.261247903108597,0.257524907588959,0
0.244505524635315,0.241602703928947,0
0.252864927053452,0.279681265354156,0
0.304940938949585,0.365673273801804,0
0.494830101728439,0.610857844352722,0
0.665422976016998,0.679757058620453,0
0.68493378162384,0.695017337799072,0
0.698571920394897,0.698571920394897,0
0.697718024253845,0.697684764862061,0
0.697684764862061,0.697684764862061,0
0.696961402893066,0.696776270866394,0
0.695331871509552,0.67814701795578,0
0.669976830482483,0.651179850101471,0
0.61249452829361,0.533085823059082,0
0.456347972154617,0.435891151428223,0
0.461327284574509,0.483146339654922,0
0.503044188022614,0.521701395511627,0
0.528275966644287,0.533132910728455,0
0.533053457736969,0.529733180999756,0
0.530850768089294,0.533943057060242,0
0.533057510852814,0.52986091375351,0
0.526575326919556,0.518365859985352,0
0.514094591140747,0.516012609004974,0
0.493549555540085,0.473956674337387,0
0.472350865602493,0.452670902013779,0
0.441554844379425,0.421447366476059,0
0.421168208122253,0.427033662796021,0
0.419551849365234,0.421058058738709,1
0.439140737056732,0.4891636967659,1
0.559519946575165,0.619220018386841,1
0.64347505569458,0.631690859794617,1
0.618024587631226,0.612605154514313,1
0.610195755958557,0.608360111713409,1
0.608645737171173,0.606746315956116,1
0.605506479740143,0.607660114765167,1
0.611398577690125,0.609452664852142,1
0.594235122203827,0.558874785900116,1
0.49618861079216,0.386281281709671,1
0.234017804265022,0.10954874753952,1
0.0837839022278786,0.0762545391917229,1
0.0760978311300278,0.142997264862061,1
0.220097899436951,0.379845261573792,1
0.535990655422211,0.627990961074829,1
0.652381181716919,0.654407799243927,1
0.651564419269562,0.651761889457703,1
0.651648998260498,0.652415633201599,1
0.653370141983032,0.654268085956573,1
0.654897212982178,0.655649960041046,1
0.656903445720673,0.658588588237762,1
0.65921276807785,0.657445549964905,1
0.628297626972198,0.513937413692474,1
0.338557600975037,0.219560965895653,1
0.166461199522018,0.130858808755875,1
0.106891967356205,0.10281416028738,1
0.103497982025146,0.10791888833046,1
0.100960999727249,0.0962493121623993,1
0.0996938869357109,0.104480341076851,1
0.0848031044006348,0.067827895283699,1
0.0387192368507385,-0.0193723104894161,1
-0.0650607496500015,-0.0837192460894585,1
-0.0930949524044991,-0.0983697101473808,1
-0.0993221774697304,-0.0951554998755455,1
-0.0916054174304008,-0.0819298699498177,1
-0.0573608726263046,-0.029488792642951,1
-0.0173251498490572,-0.0211784262210131,1
-0.0213641207665205,0.0040114801377058,1
0.034014206379652,0.0390387885272503,1
0.0316420383751392,0.0313636809587479,1
0.0350371301174164,0.0407055728137493,1
0.0365992486476898,0.0323781929910183,1
0.0723926573991776,0.0770791992545128,1
0.081291988492012,0.107233338057995,1
0.133869603276253,0.174580901861191,1
0.187167033553123,0.184919208288193,1
0.179296687245369,0.149430274963379,1
0.124535523355007,0.107822895050049,1
0.100743547081947,0.0830925777554512,1
0.0726424530148506,0.0619317255914211,1
0.0617032386362553,0.0597209706902504,1
0.0671982765197754,0.135642543435097,1
0.239196076989174,0.335019499063492,1
0.289508283138275,0.282437711954117,1
0.38909649848938,0.400093019008636,1
0.409694343805313,0.421014279127121,1
0.423050373792648,0.428930640220642,1
0.431684046983719,0.431246817111969,1
0.440684020519257,0.451322823762894,1
0.457180321216583,0.453323870897293,1
0.434291660785675,0.42247599363327,1
0.420892715454102,0.373340874910355,1
0.286514669656754,0.19459842145443,1
0.17805752158165,0.171393528580666,0
0.163761362433434,0.152012079954147,0
0.160231977701187,0.208953380584717,0
0.252070069313049,0.257906287908554,0
0.251038104295731,0.24560259282589,0
0.751688420772552,0.791000664234161,0
0.799868822097778,0.797306954860687,0
0.794321477413177,0.776611268520355,0
0.75360769033432,0.744598925113678,0
0.744407534599304,0.744375109672546,0
0.746523261070251,0.743242383003235,0
0.708788692951202,0.632327497005463,0
0.520958960056305,0.446120172739029,0
0.408426553010941,0.369418442249298,0
0.335698932409287,0.328766852617264,0
0.356885641813278,0.400062441825867,0
0.442816019058228,0.465323925018311,0
0.46755388379097,0.447631895542145,0
0.408818364143372,0.372119545936584,0
0.349818736314774,0.328298419713974,0
0.331551820039749,0.337799459695816,0
0.351747393608093,0.376402407884598,0
0.391361147165298,0.402977973222733,0
0.4082872569561,0.396048486232758,0
0.386078119277954,0.372321099042892,0
0.364872545003891,0.396472305059433,0
0.425693243741989,0.438137382268906,0
0.444462031126022,0.45698693394661,0
0.460733115673065,0.466947674751282,0
0.464120894670486,0.459851026535034,0
0.444388180971146,0.436854630708694,0
0.442477256059647,0.466059565544128,0
0.488514751195908,0.522460520267487,0
0.560707449913025,0.576361536979675,0
0.570128977298737,0.560052514076233,0
0.556563019752502,0.557004570960999,0
0.559357047080994,0.57290107011795,0
0.606057286262512,0.642058968544006,0
0.671567559242249,0.692554175853729,0
0.69564425945282,0.694460928440094,0
0.684435963630676,0.650402843952179,0
0.570685803890228,0.497995436191559,0
0.472366511821747,0.485109627246857,0
0.488582849502563,0.489326447248459,0
0.488798707723618,0.485692262649536,0
0.481829524040222,0.472520232200623,0
0.457514226436615,0.437841147184372,0
0.418554484844208,0.411775857210159,0
0.405458718538284,0.387277364730835,0
0.375185698270798,0.370998650789261,0
0.355238229036331,0.352628260850906,0
0.349694609642029,0.349737107753754,0
0.353200733661652,0.356718331575394,0
0.373548090457916,0.400887727737427,0
0.422735244035721,0.424640119075775,0
0.419943153858185,0.40828800201416,0
0.402131587266922,0.397848635911942,0
0.393785953521729,0.38196337223053,0
0.364332973957062,0.342003434896469,0
0.329547613859177,0.309479385614395,0
0.271623700857162,0.230199098587036,0
0.239809200167656,0.257952898740768,0
0.233331203460693,0.186835005879402,0
0.175654023885727,0.183716744184494,0
0.182739481329918,0.18406930565834,0
0.204734846949577,0.242961913347244,0
0.285127460956573,0.340027660131454,0
0.381682693958282,0.40785476565361,0
0.429507434368134,0.440411359071732,0
0.446429789066315,0.447893142700195,0
0.448051780462265,0.449679225683212,0
0.449343919754028,0.446005821228027,0
0.442408353090286,0.434817850589752,0
0.437480390071869,0.458891779184341,0
0.471088737249374,0.478516161441803,0
0.485894829034805,0.459818184375763,0
0.401697903871536,0.340086698532104,0
0.407819479703903,0.532119035720825,0
0.612573981285095,0.650236904621124,0
0.667115867137909,0.673614621162415,0
0.675938487052917,0.675257921218872,0
0.673057854175568,0.674777448177338,0
0.672219395637512,0.673101603984833,0
0.676198840141296,0.667543232440948,0
0.654271245002747,0.646211445331573,0
0.653761744499207,0.657496750354767,0
0.660067558288574,0.617212653160095,1
0.523773610591888,0.458078116178513,1
0.459353417158127,0.480506986379623,1
0.489635795354843,0.507219552993774,1
0.539172530174255,0.549232304096222,1
0.551237165927887,0.553779184818268,1
0.556976795196533,0.561693489551544,1
0.558031141757965,0.55399078130722,1
0.550615310668945,0.543258309364319,1
0.510826170444489,0.449036717414856,1
0.352579951286316,0.249687761068344,1
0.183129459619522,0.165095373988152,1
0.144463390111923,0.141258358955383,1
0.146416813135147,0.153141587972641,1
0.154916360974312,0.145359918475151,1
0.125553801655769,0.109780348837376,1
0.110380247235298,0.121851213276386,1
0.138259992003441,0.141970813274384,1
0.159049659967422,0.198336631059647,1
0.235334023833275,0.248136699199677,1
0.249989911913872,0.25903132557869,1
0.261376708745956,0.25212487578392,1
0.243599846959114,0.269664108753204,1
0.332254827022552,0.333757609128952,1
0.332295119762421,0.323745280504227,1
0.304997563362122,0.274435877799988,1
0.240326911211014,0.222757264971733,1
0.211357936263084,0.178259193897247,1
0.150506392121315,0.152421668171883,1
0.223550975322723,0.324395895004272,1
0.43331190943718,0.502376973628998,1
0.523235142230988,0.521503686904907,1
0.524447679519653,0.532585620880127,1
0.54487419128418,0.599263429641724,1
0.66301566362381,0.70004540681839,1
0.704295933246613,0.702754139900208,1
0.702649176120758,0.703890979290009,1
0.71284282207489,0.733693838119507,1
0.740751683712006,0.726925313472748,1
0.710438847541809,0.698350489139557,1
0.693916499614716,0.690316557884216,1
0.688034236431122,0.685184419155121,1
0.668196439743042,0.610599458217621,1
0.530675232410431,0.490646362304688,1
0.489106267690659,0.495294690132141,1
0.501091301441193,0.48359015583992,1
0.39946785569191,0.338722884654999,1
0.303793847560883,0.267709374427795,1
0.264239847660065,0.276106923818588,1
0.302299737930298,0.322321534156799,1
0.341905027627945,0.34183993935585,1
0.331148713827133,0.312825620174408,1
0.289063394069672,0.28146493434906,1
0.281186103820801,0.275311976671219,1
0.267761617898941,0.264975070953369,1
0.265024811029434,0.264380007982254,1
0.263562113046646,0.259262502193451,1
0.243908822536469,0.214460626244545,1
0.177931681275368,0.143761724233627,1
0.118281170725822,0.102936685085297,1
0.0980542749166489,0.0962946191430092,1
0.0920336619019508,0.0861567631363869,1
0.0839816108345985,0.0793743878602982,1
0.0690480321645737,0.0529182888567448,1
0.043498270213604,0.0412968210875988,1
0.0279461294412613,0.002002221532166,1
-0.010833184234798,-0.0374101176857948,1
-0.0683435872197151,-0.0873817428946495,1
-0.0856569856405258,-0.0820956230163574,1
-0.0659562051296234,-0.0612226091325283,1
-0.0240826327353716,0.00784880574792624,1
0.0453610308468342,0.0802503302693367,1
0.106406390666962,0.130502820014954,1
0.144674122333527,0.14906932413578,1
0.148033052682877,0.142631113529205,1
0.148217871785164,0.151389271020889,1
0.149958699941635,0.149667158722878,1
0.150669485330582,0.155686035752296,1
0.219491317868233,0.363841742277145,1
0.380425453186035,0.398472785949707,1
0.411384284496307,0.41950649023056,1
0.423327535390854,0.420664995908737,1
0.421153724193573,0.421662032604218,1
0.418708592653275,0.415176212787628,1
0.475398361682892,0.539002537727356,1
0.57712996006012,0.592175364494324,1
0.541458249092102,0.545050203800201,1
0.548350632190704,0.546237528324127,1
0.532894790172577,0.500413775444031,1
0.508694767951965,0.543754160404205,1
0.554453730583191,0.553865015506744,0
0.55377596616745,0.55353856086731,0
0.549203038215637,0.522326052188873,0
0.464433938264847,0.387840986251831,0
0.346861064434052,0.33125251531601,0
0.306455999612808,0.287651300430298,0
0.278846800327301,0.278846800327301,0
0.272723972797394,0.225987479090691,0
0.176725283265114,0.347894072532654,0
0.336682200431824,0.349239081144333,0
0.359189569950104,0.357857257127762,0
0.337330728769302,0.286265581846237,0
0.253420650959015,0.266165375709534,0
0.294902086257935,0.340887993574142,0
0.407309740781784,0.454673588275909,0
0.482440084218979,0.48800054192543,0
0.485182076692581,0.490615010261536,0
0.492225408554077,0.49760890007019,0
0.502845644950867,0.52381694316864,0
0.529714584350586,0.531105279922485,0
0.531105279922485,0.529918313026428,0
0.529082596302032,0.524236142635345,0
0.51725822687149,0.501840770244598,0
0.461060345172882,0.423388451337814,0
0.391002535820007,0.37316831946373,0
0.367396891117096,0.368656396865845,0
0.374969244003296,0.377945810556412,0
0.371149718761444,0.361471027135849,0
0.349580109119415,0.346013098955154,0
0.345738381147385,0.348473340272903,0
0.355051904916763,0.362362951040268,0
0.369693368673325,0.367688447237015,0
0.368550390005112,0.381970435380936,0
0.386181026697159,0.390471965074539,0
0.400135010480881,0.41536021232605,0
0.406061589717865,0.396279901266098,0
0.405393570661545,0.410463720560074,0
0.410231411457062,0.408515781164169,0
0.401594489812851,0.389973223209381,0
0.381080538034439,0.374355018138886,0
0.3903568983078,0.402014911174774,0
0.436443030834198,0.462322205305099,0
0.483125805854797,0.472222566604614,0
0.461773931980133,0.468451499938965,0
0.474827706813812,0.486943006515503,0
0.519226491451263,0.552409410476685,0
0.573866903781891,0.590210795402527,0
0.600638687610626,0.601309478282928,0
0.593765556812286,0.584539949893951,0
0.564839482307434,0.536619961261749,0
0.502822279930115,0.487883925437927,0
0.49725553393364,0.502935290336609,0
0.510225296020508,0.530887246131897,0
0.546944439411163,0.54930967092514,0
0.542863607406616,0.542257308959961,0
0.533618330955505,0.526834189891815,0
0.527714610099792,0.528617084026337,0
0.532473504543304,0.552415490150452,0
0.562749028205872,0.552667379379272,0
0.535100877285004,0.526961207389832,0
0.519694745540619,0.461078345775604,0
0.430201262235641,0.408998310565948,0
0.400540739297867,0.417140930891037,0
0.465032875537872,0.500104129314423,0
0.514985084533691,0.510660886764526,0
0.476748108863831,0.448389649391174,0
0.43456506729126,0.427794009447098,0
0.43136465549469,0.435744792222977,0
0.442909061908722,0.464930891990662,0
0.498106986284256,0.526324033737183,0
0.546564161777496,0.553363621234894,0
0.552967727184296,0.549684524536133,0
0.541298806667328,0.529456675052643,0
0.521292686462402,0.520361125469208,0
0.525078594684601,0.541811406612396,0
0.548800647258759,0.54348224401474,0
0.536537647247314,0.5315802693367,0
0.515892088413239,0.48739829659462,0
0.479388743638992,0.499343574047089,0
0.5014808177948,0.500374674797058,0
0.495712101459503,0.497317522764206,0
0.501842498779297,0.505711615085602,0
0.502416014671326,0.498562872409821,0
0.512227535247803,0.519137501716614,0
0.526219546794891,0.525160133838654,0
0.524999737739563,0.518737256526947,0
0.488843619823456,0.44011127948761,0
0.409658968448639,0.393891513347626,0
0.383247911930084,0.386682569980621,0
0.397061377763748,0.412322133779526,0
0.419758141040802,0.413984775543213,0
0.398265331983566,0.396044194698334,0
0.400923222303391,0.406230866909027,0
0.430209368467331,0.449379682540894,0
0.458852827548981,0.456556260585785,0
0.454506397247314,0.451381623744965,0
0.449026077985764,0.447239547967911,0
0.450664758682251,0.45516237616539,0
0.445652306079865,0.423837065696716,0
0.405101627111435,0.388256311416626,0
0.373415619134903,0.355712652206421,0
0.341608285903931,0.335479468107224,0
0.327157199382782,0.333884924650192,0
0.338688850402832,0.342861443758011,0
0.342747181653976,0.337161988019943,0
0.327191710472107,0.323952496051788,0
0.316720604896545,0.314040869474411,0
0.328400254249573,0.33692866563797,0
0.338754892349243,0.328497469425201,0
0.314435958862305,0.297034323215485,0
0.295641899108887,0.294787555932999,0
0.314958274364471,0.323887646198273,0
0.32110458612442,0.333364009857178,0
0.349162697792053,0.355997741222382,0
0.358685791492462,0.364701390266418,0
0.373846471309662,0.376191705465317,0
0.362581044435501,0.352543294429779,0
0.353562593460083,0.360762298107147,0
0.356020599603653,0.336409956216812,0
0.303571373224258,0.293363183736801,0
0.305418491363525,0.342302471399307,0
0.36279883980751,0.358261913061142,0
0.348869681358337,0.347947955131531,0
0.337953895330429,0.321922987699509,0
0.316665291786194,0.314664930105209,0
0.324282377958298,0.349041372537613,0
0.386570572853088,0.416493207216263,0
0.433213442564011,0.431640654802322,0
0.411830455064774,0.410332828760147,0
0.415708512067795,0.417827725410461,0
0.413714826107025,0.413235545158386,0
0.415494620800018,0.418760567903519,0
0.437061071395874,0.453645527362823,0
0.5674147605896,0.721492409706116,0
0.833128571510315,0.839487671852112,0
0.81683075428009,0.809277296066284,0
0.813942611217499,0.816089928150177,0
0.813782274723053,0.807457327842712,0
0.798078000545502,0.79549503326416,0
0.794588208198547,0.796427309513092,0
0.801975727081299,0.813427984714508,0
0.821359515190125,0.84006005525589,0
0.826561093330383,0.744500458240509,0
0.643531560897827,0.611034750938416,0
0.609637022018433,0.609627306461334,0
0.609750866889954,0.609446287155151,0
0.608922481536865,0.608218789100647,0
0.607819080352783,0.609691083431244,0
0.625093936920166,0.660886108875275,0
0.683791756629944,0.70967173576355,0
0.706639409065247,0.65201073884964,0
0.551337778568268,0.442903757095337,0
0.420744210481644,0.421565920114517,0
0.421454399824142,0.421826392412186,0
0.419992804527283,0.418930411338806,0
0.419573724269867,0.423541635274887,0
0.424914985895157,0.417348772287369,0
0.395549148321152,0.36419215798378,0
0.310520589351654,0.293299525976181,0
0.289889425039291,0.2791827917099,0
0.26945486664772,0.265095621347427,0
0.266355454921722,0.251070290803909,0
0.263892650604248,0.287873983383179,1
0.390742123126984,0.565414130687714,1
0.668072164058685,0.698949813842773,1
0.690384149551392,0.677231848239899,1
0.662922918796539,0.652936279773712,1
0.649820148944855,0.649998545646667,1
0.666408002376556,0.666373193264008,1
0.666160643100739,0.660849452018738,1
0.60285609960556,0.5123610496521,1
0.512518644332886,0.511857211589813,1
0.499408304691315,0.453960925340652,1
0.391300916671753,0.343676686286926,1
0.359728038311005,0.376028835773468,1
0.377083539962769,0.328252375125885,1
0.301765143871307,0.28037765622139,1
0.258014291524887,0.234910309314728,1
0.252621352672577,0.309098482131958,1
0.35817539691925,0.383148670196533,1
0.389720052480698,0.38956144452095,1
0.389558553695679,0.387977540493011,1
0.372363299131393,0.347135096788406,1
0.347350537776947,0.402185708284378,1
0.508620202541351,0.558844029903412,1
0.559608995914459,0.556188404560089,1
0.553035795688629,0.549557209014893,1
0.538495004177094,0.526373624801636,1
0.508821964263916,0.492657870054245,1
0.472616106271744,0.458599328994751,1
0.471132576465607,0.471348255872726,1
0.456524282693863,0.423885136842728,1
0.383714556694031,0.327879965305328,1
0.0803724005818367,0.07175562530756,0
0.0694999098777771,0.0714377984404564,0
0.0862275660037994,0.0936671495437622,0
0.0826245844364166,0.0720056146383286,0
0.0665603652596474,0.0336183607578278,0
-0.00230876379646361,-0.0228245072066784,0
0.230589881539345,0.245126619935036,0
0.263398557901382,0.292133539915085,0
0.33769303560257,0.388917922973633,0
0.42937296628952,0.455945402383804,0
0.466534554958344,0.440240442752838,0
0.407209813594818,0.383060693740845,0
0.35087251663208,0.337836563587189,0
0.344573765993118,0.346246331930161,0
0.343163132667542,0.344062477350235,0
0.347814828157425,0.350699156522751,0
0.360500574111938,0.370860606431961,0
0.385096311569214,0.383518636226654,0
0.385922223329544,0.381376981735229,0
0.37275168299675,0.371539890766144,0
0.374045670032501,0.375270366668701,0
0.374064564704895,0.365252375602722,0
0.377820491790771,0.403166055679321,0
0.404097199440002,0.390960067510605,0
0.387793660163879,0.38136225938797,0
0.35361835360527,0.348260551691055,0
0.366975128650665,0.364215582609177,0
0.360339343547821,0.356449812650681,0
0.353402018547058,0.361793577671051,0
0.365076869726181,0.367918938398361,0
0.366604745388031,0.359692573547363,0
0.352603495121002,0.353841811418533,0
0.354561507701874,0.355376213788986,1
0.462193220853806,0.592022120952606,1
0.662612080574036,0.727595686912537,1
0.758990824222565,0.766978442668915,1
0.75918847322464,0.740626156330109,1
0.716279268264771,0.704651474952698,1
0.747322499752045,0.750141441822052,1
0.750141441822052,0.744525671005249,1
0.728310167789459,0.721716225147247,1
0.346051335334778,0.352795779705048,1
0.362274736166,0.361096233129501,1
0.336999922990799,0.298975318670273,1
0.272752970457077,0.26003709435463,1
0.257029563188553,0.168219238519669,1
0.158380702137947,0.177144721150398,1
0.194144159555435,0.23671181499958,1
0.285566419363022,0.31594055891037,1
0.309256464242935,0.304717093706131,1
0.299915581941605,0.290959447622299,1
0.33004242181778,0.398321717977524,1
0.447811096906662,0.459421575069427,1
0.462766826152802,0.474300235509872,1
0.485513031482697,0.495382308959961,1
0.52005660533905,0.540526390075684,1
0.547356307506561,0.544496536254883,1
0.538243114948273,0.535969853401184,1
0.534664630889893,0.533528566360474,1
0.534382462501526,0.524492800235748,1
0.486671209335327,0.457540273666382,1
0.431254714727402,0.40033346414566,0
0.352293521165848,0.290391147136688,0
0.254805952310562,0.248985186219215,0
0.241014823317528,0.23252409696579,0
0.232206642627716,0.230351477861404,0
0.214608490467072,0.19087316095829,0
0.189849406480789,0.188471272587776,0
0.187171712517738,0.185229897499084,0
0.465280890464783,0.474906414747238,0
0.477382183074951,0.472195893526077,0
0.440399944782257,0.361339300870895,0
0.294775605201721,0.268894582986832,0
0.299004107713699,0.325616180896759,0
0.337237775325775,0.352453708648682,0
0.364962100982666,0.37886506319046,0
0.393663316965103,0.404944896697998,0
0.413468331098557,0.430590510368347,0
0.442728668451309,0.44658151268959,0
0.458020478487015,0.478192776441574,0
0.517974615097046,0.528875827789307,0
0.522541761398315,0.516611695289612,0
0.51577615737915,0.515746831893921,0
0.520652651786804,0.523913979530334,0
0.524317502975464,0.522695660591125,0
0.524139940738678,0.522931158542633,0
0.522671699523926,0.518368482589722,0
0.501675963401794,0.475711971521378,0
0.415772080421448,0.381626486778259,0
0.385443389415741,0.394147127866745,0
0.395754724740982,0.392226845026016,0
0.391702562570572,0.390622705221176,0
0.393089950084686,0.399550080299377,0
0.431283384561539,0.482145071029663,0
0.513221144676209,0.525500655174255,0
0.548789143562317,0.56489509344101,0
0.566503763198853,0.566215336322784,0
0.566041767597198,0.563113749027252,0
0.550263226032257,0.53812575340271,0
0.525124430656433,0.514205873012543,0
0.511370182037354,0.514110147953033,0
0.517230689525604,0.507355630397797,0
0.482588917016983,0.46631646156311,0
0.43945300579071,0.429158180952072,0
0.441721528768539,0.447944164276123,0
0.448337107896805,0.449005216360092,0
0.450677931308746,0.462087988853455,0
0.489899426698685,0.515524566173553,0
0.540575504302979,0.556985795497894,0
0.58151376247406,0.617307901382446,0
0.638087570667267,0.644127130508423,0
0.644197583198547,0.641710579395294,0
0.621290564537048,0.597620785236359,0
0.57688045501709,0.567189693450928,0
0.730017006397247,0.729524433612823,0
0.727275371551514,0.730934500694275,0
0.738432943820953,0.741788923740387,0
0.746165812015533,0.752178847789764,0
0.743430852890015,0.723609745502472,0
0.705663681030273,0.692176342010498,0
0.671903729438782,0.635975182056427,0
0.611089408397675,0.544474840164185,0
0.497776240110397,0.490177422761917,0
0.486877173185349,0.488836795091629,0
0.502770662307739,0.503391861915588,0
0.482416123151779,0.45030552148819,0
0.438433796167374,0.436510294675827,0
0.434035867452621,0.420359879732132,0
0.397017568349838,0.388257443904877,0
0.383048444986343,0.424564391374588,0
0.506239771842957,0.560098111629486,1
0.589427351951599,0.612140953540802,1
0.628881275653839,0.634414494037628,1
0.635072350502014,0.636829555034637,1
0.648127675056458,0.66977733373642,1
0.69993382692337,0.714218199253082,1
0.721803367137909,0.723856687545776,1
0.72489857673645,0.706175029277802,1
0.651247441768646,0.557717025279999,1
0.482198864221573,0.44147863984108,1
0.447527945041656,0.474630385637283,1
0.492547214031219,0.497607290744781,1
0.497431874275208,0.496615409851074,1
0.464632451534271,0.417381674051285,1
0.373836278915405,0.356840044260025,1
0.356201946735382,0.359591960906982,1
0.361328095197678,0.365886032581329,1
0.38164696097374,0.395066231489182,1
0.42529234290123,0.439341396093369,1
0.405005604028702,0.337520062923431,1
0.277154833078384,0.234711706638336,1
0.208079323172569,0.184487909078598,1
0.205316618084908,0.210993885993958,1
0.209090456366539,0.111137755215168,1
0.119446195662022,0.122654266655445,1
0.126638531684875,0.152744814753532,1
0.184944823384285,0.196784928441048,1
0.15836663544178,0.128816828131676,1
0.12983612716198,0.121032707393169,1
0.114220812916756,0.112780593335629,1
0.110437951982021,0.139410868287086,1
0.2025186419487,0.250849336385727,1
0.278132557868958,0.288842052221298,1
0.291282325983047,0.283194839954376,1
0.273235321044922,0.267427235841751,1
0.263336002826691,0.266880124807358,1
0.296767979860306,0.372212916612625,1
0.422675102949142,0.441396236419678,1
0.439168572425842,0.43092268705368,1
0.405971616506577,0.365160942077637,1
0.325228571891785,0.273411095142365,1
0.280896157026291,0.280001997947693,1
0.284294277429581,0.29697397351265,1
0.307023793458939,0.324189871549606,1
0.331568539142609,0.331126242876053,1
0.306851297616959,0.244651839137077,1
0.146815359592438,0.0527243390679359,1
0.0101089077070355,-0.0135012753307819,1
-0.0136159555986524,-0.0306588299572468,1
