0.5387331,0.632971,0
0.6149063,0.5889732,0
0.5781762,0.5706475,0
0.6079831,0.633097,0
0.6466228,0.6760054,0
0.6608384,0.6765662,0
0.7664842,0.7693213,0
0.7536899,0.7411104,0
0.7223377,0.7060283,0
0.6910456,0.6517776,0
0.6010827,0.5728948,0
0.5820374,0.5984658,0
0.6086394,0.6187705,0
0.5983245,0.5596747,0
0.5243786,0.5227847,0
0.5243435,0.5249205,0
0.5239118,0.5542978,0
0.5752593,0.5820541,0
0.7494527,0.7821429,1
0.7683809,0.7768514,1
0.7805337,0.7905709,1
0.782079,0.7591519,1
0.7229088,0.6631849,1
0.6129125,0.592631,1
0.5908403,0.6082299,1
0.6312853,0.6439341,1
0.645622,0.6449705,1
0.6315585,0.6386423,1
0.6345079,0.6176894,1
0.6107379,0.6268761,1
0.6474262,0.6521664,1
0.6531168,0.6531168,1
0.6531168,0.6542379,1
0.6542379,0.6542379,1
0.6542379,0.6542367,1
0.6493646,0.6354125,1
0.6320142,0.631268,1
0.4922723,0.4733813,1
0.41569,0.3539409,1
0.3304402,0.321624,1
0.3034605,0.2759289,1
0.2376577,0.2137423,1
0.214404,0.214451,1
0.1985177,0.1754384,1
0.1586345,0.1329183,1
0.1178523,0.1197605,1
0.13893,0.1615963,1
0.1796164,0.2066834,1
0.2866443,0.4155027,1
0.4784022,0.5192143,1
0.5469707,0.5621195,1
0.5692093,0.5778885,1
0.6040337,0.6254421,1
0.6280242,0.6252483,1
0.6231841,0.7353855,1
0.742148,0.7433068,1
0.7433068,0.742824,1
0.7345703,0.7204146,1
0.6990047,0.6900987,1
0.6876886,0.6755273,1
0.6593283,0.6332505,1
0.597046,0.5629808,1
0.5523619,0.5285514,1
0.5120464,0.5303909,1
0.5397407,0.5397407,1
0.541218,0.5409076,1
0.3859674,0.1418193,1
0.1371661,0.1497291,1
0.1905543,0.2321272,1
0.25841,0.2488652,1
0.2721881,0.32647,1
0.3709871,0.3803718,1
0.4402817,0.4474762,1
0.4621331,0.4803371,1
0.5147866,0.538439,1
0.5906746,0.5969962,1
0.6046444,0.6137828,1
0.6386524,0.6673908,1
0.6955847,0.6963897,1
0.6887405,0.6884688,1
0.6902475,0.690413,1
0.6894744,0.6830944,1
0.6776549,0.6440882,1
0.5836094,0.5461369,1
0.5304369,0.5420113,1
0.5493495,0.5237315,1
0.452323,0.3297529,1
0.2005317,0.1534857,1
0.2164098,0.373261,1
0.433356,0.4744592,1
0.476597,0.4762999,1
0.4805188,0.493553,1
0.5046936,0.5060296,1
0.5059798,0.5059798,1
0.5059798,0.5114777,1
0.5138952,0.5324335,1
0.5414761,0.5495697,1
0.4445024,0.4332266,1
0.4205177,0.4135185,1
0.4088811,0.3926929,1
0.3720187,0.3599224,1
0.3868316,0.4232557,1
0.4602885,0.4906849,1
0.5035159,0.5112342,1
0.5128244,0.5086306,1
0.5094389,0.5777937,1
0.6721228,0.7243524,1
0.7370383,0.7383134,1
0.7410821,0.751491,1
0.759609,0.75664,1
0.7425467,0.7319402,1
0.7299891,0.7286228,1
0.723134,0.7202041,1
0.7224004,0.7187167,1
0.6878409,0.6282582,1
0.5808769,0.5655439,1
0.5595296,0.5345234,1
0.5009558,0.4692529,1
0.4483159,0.4339425,1
0.4222699,0.4218839,1
0.424192,0.4176528,1
0.3779586,0.3203816,1
0.2905512,0.2924277,1
0.3015413,0.3187928,1
0.3354971,0.3553213,1
0.3705968,0.3702627,1
0.3719499,0.3762055,1
0.382502,0.3913708,1
0.3956822,0.4024116,1
0.4180616,0.4314431,1
0.421834,0.4017905,1
0.3835779,0.3657216,1
0.3396534,0.3142833,1
0.2911896,0.3221484,1
0.340823,0.3499356,1
0.3525085,0.3562933,1
0.3591157,0.3603505,1
0.4077696,0.454003,1
0.4624971,0.4681601,1
0.4732275,0.4834878,1
0.4882661,0.4871253,1
0.4922008,0.5074422,1
0.5137794,0.5125356,1
0.5126439,0.5124072,1
0.5058438,0.4752727,1
0.4540339,0.3932196,1
0.303323,0.2453353,1
0.2480949,0.2751798,1
0.3131575,0.3630253,1
0.3971432,0.3994761,1
0.3833243,0.3745387,1
0.377404,0.3951732,1
0.4004985,0.3975197,1
0.3954983,0.4058287,1
0.4197162,0.4486517,1
0.4719339,0.4801053,1
0.4644785,0.4203447,1
0.3878834,0.3773538,1
0.3766012,0.377151,1
0.3731323,0.3699093,1
0.3567626,0.3437877,1
0.4317974,0.4753097,0
0.5005658,0.5068207,0
0.4985445,0.4866982,0
0.4727544,0.4814354,0
0.5019797,0.5447524,0
0.6070033,0.6500424,0
0.6687991,0.6799193,0
0.6930186,0.7023104,0
0.6830693,0.6296635,0
0.5872765,0.5887269,0
0.5931656,0.5965192,0
0.5966289,0.595304,0
0.595304,0.5938562,0
0.5863718,0.562404,0
0.5235159,0.5078989,0
0.4957474,0.4544674,0
0.3834999,0.3393228,0
0.3268868,0.3229428,0
0.3183231,0.3187353,0
0.3283391,0.332521,0
0.3323822,0.3316794,0
0.335918,0.3358095,0
0.3253341,0.3200332,0
0.3197165,0.3265662,0
0.35634,0.375427,0
0.3706954,0.3587893,0
0.3554692,0.3550638,0
0.3381423,0.3331152,0
0.334786,0.3405115,0
0.344392,0.3451889,0
0.3451889,0.3372912,0
0.3171585,0.2959222,0
0.2601637,0.2094242,0
0.1656131,0.1400337,0
0.1589961,0.1749933,0
0.1731946,0.1567415,0
0.1590742,0.1631322,0
0.1692791,0.1778129,0
0.2061785,0.2196799,0
0.2177104,0.2184211,0
0.2238745,0.2305094,0
0.2398987,0.2370828,0
0.2342168,0.2360981,0
0.238792,0.2299703,0
0.2200457,0.2161247,0
0.2161979,0.2264264,0
0.2277554,0.2208089,0
0.2109992,0.2101757,0
0.208051,0.2016091,0
0.1814128,0.1581364,0
0.1349014,0.1373832,0
0.1563788,0.1769713,0
0.1910426,0.1990292,0
0.1995792,0.1921122,0
0.1739369,0.1362483,0
0.119325,0.1319273,0
0.1522891,0.1910389,0
0.2336215,0.2702929,0
0.2846124,0.2916388,0
0.299741,0.3003627,0
0.2937632,0.2852264,0
0.2832013,0.2850121,0
0.2936845,0.2992529,0
0.3069385,0.3167057,0
0.3288489,0.3375343,0
0.3584275,0.3664207,0
0.3637823,0.3641908,0
0.3629999,0.3651842,0
0.3762745,0.378464,0
0.3755749,0.3718056,0
0.3633229,0.3637109,0
0.3710195,0.374591,0
0.3769416,0.3805149,0
0.3800217,0.3708439,0
0.3554031,0.3447377,0
0.3379628,0.3498993,0
0.3509719,0.3772568,0
0.4185079,0.449451,0
0.4689957,0.4750793,0
0.4821219,0.5055946,0
0.5337407,0.5696335,0
0.6127311,0.637274,0
0.636023,0.6325633,0
0.6328348,0.6312029,0
0.6299789,0.6240717,0
0.6277277,0.6365249,0
0.6701652,0.7052096,0
0.7186735,0.7197178,0
0.7200279,0.7198508,0
0.7065515,0.6916674,0
0.6864834,0.69197,0
0.6900641,0.6881988,0
0.685073,0.6740755,0
0.6569617,0.6251442,0
0.5819854,0.5551689,0
0.5156311,0.471312,0
0.4477286,0.4448997,0
0.4480421,0.4462363,0
0.4395321,0.411607,0
0.3805044,0.3769936,0
0.3886051,0.3964154,0
0.4133823,0.4193685,0
0.4228863,0.4142019,0
0.4083257,0.4032646,0
0.396873,0.3905344,0
0.3812258,0.4005632,0
0.4223627,0.42993,0
0.4315325,0.4235972,0
0.4225283,0.4327534,0
0.4537686,0.4884349,0
0.5119287,0.533573,0
0.5376266,0.5342524,0
0.5311245,0.5440449,0
0.5596825,0.5712451,0
0.5820149,0.5843383,0
0.5821465,0.5882709,0
0.5972235,0.6015478,0
0.6065927,0.6065214,0
0.5929828,0.5517275,0
0.4964681,0.4681639,0
0.4478221,0.4287668,0
0.4231102,0.4196819,0
0.4252236,0.42823,0
0.4320489,0.4548588,0
0.4651521,0.4594452,0
0.4519734,0.4472117,0
0.4464512,0.4424429,0
0.4521461,0.4664546,0
0.4809688,0.4759318,0
0.4592691,0.4469475,0
0.4407285,0.4250073,0
0.400322,0.3794197,0
0.3414439,0.3159159,0
0.3060756,0.3095786,0
0.2953774,0.2813574,0
0.2815687,0.2873413,0
0.2918568,0.3247193,0
0.3563626,0.3881904,0
0.4716108,0.6579848,0
0.8294689,0.9301093,0
0.9449338,0.9446255,0
0.9397193,0.9253901,0
0.9175743,0.917249,0
0.9196813,0.919214,0
0.9154097,0.9136783,0
0.9143454,0.9211088,0
0.9241102,0.9223133,0
0.8947107,0.7839182,0
0.5922547,0.42863,0
0.3826451,0.3653886,0
0.3613484,0.377785,0
0.399526,0.4153095,0
0.4118641,0.4015022,0
0.4085122,0.4150668,0
0.4193536,0.4395006,0
0.4432817,0.4481699,0
0.4596371,0.4751358,0
0.4782214,0.4795583,0
0.4868298,0.5014517,0
0.5027496,0.5016922,0
0.5241739,0.5414731,0
0.5474403,0.5494902,0
0.5469956,0.5397016,0
0.5384238,0.5477474,0
0.5732161,0.6637138,0
0.8131464,0.92863,0
0.9805714,0.9953978,0
0.9955083,0.9960665,0
0.9964419,0.9992578,0
1.001806,1.006063,0
0.433695,0.433695,1
0.5525486,0.5534137,1
0.429913,0.4555387,1
0.3932598,0.41907,1
0.4547119,0.4874043,1
0.4963687,0.4967573,1
0.4968298,0.4968448,1
0.4427735,0.3836901,1
0.3770173,0.4262069,1
0.4515868,0.4566049,1
0.459877,0.4608655,1
0.4575938,0.4586165,1
0.4627421,0.4563461,1
0.4306402,0.4143306,1
0.427916,0.4464577,1
0.4580846,0.459031,1
0.4489241,0.4234519,1
0.3954281,0.3728812,1
0.3533077,0.3477999,1
0.3391457,0.3346224,1
0.3381869,0.3547676,1
0.371449,0.3813567,1
0.3521369,0.3311311,1
0.3630705,0.3805078,1
0.389484,0.3887129,1
0.3835227,0.3764136,1
0.3712935,0.3673643,1
0.3572773,0.3565771,1
0.3801002,0.3978125,1
0.4065881,0.374368,1
0.3207708,0.2770455,1
0.2433,0.2273537,1
0.2301738,0.2325007,1
0.232894,0.2287408,1
0.229837,0.2344173,1
0.235457,0.235572,1
0.2247142,0.2195545,1
0.2253329,0.2020398,1
0.2135854,0.2237197,1
0.2473169,0.4289502,1
0.434198,0.4366103,1
0.4483854,0.4602735,1
0.4609574,0.4609574,1
0.4596575,0.4606566,1
0.4687338,0.4698886,1
0.4570298,0.4327892,1
0.388463,0.3509788,1
0.3532476,0.3596963,1
0.3684527,0.380431,1
0.4098491,0.4363507,1
0.4479641,0.4685809,1
0.4752148,0.4739232,1
0.4678454,0.4648128,1
0.4630018,0.4456685,1
0.4168478,0.4041955,1
0.4003911,0.3962162,1
0.3770393,0.3572424,1
0.3353926,0.3101922,1
0.2896984,0.276611,1
0.2729971,0.3134226,1
0.3249649,0.3373097,1
0.3315884,0.3206347,1
0.3107803,0.3086501,1
0.3205555,0.3281598,1
0.326296,0.3359491,1
0.3444588,0.3639622,1
0.3630845,0.3391757,1
0.2108317,0.2360319,1
0.2943518,0.3380442,1
0.3468637,0.3288611,1
0.3298827,0.3343322,1
0.3199944,0.3006703,1
0.2919539,0.2956847,1
0.2973325,0.2904625,1
0.2843599,0.2958772,1
0.2974874,0.3023986,1
0.3125981,0.3280576,1
0.3147422,0.2959881,1
0.2740541,0.2654001,1
0.3114638,0.3814857,1
0.6823539,0.7242153,1
0.7424338,0.7411981,1
0.7444587,0.7449484,1
0.7449484,0.7449484,1
0.7445319,0.7425631,1
0.7419263,0.7410578,1
0.7411988,0.7405612,1
0.7397782,0.7290549,1
0.6535096,0.5207302,1
0.3608577,0.2621621,1
0.2345801,0.2187655,1
0.2139876,0.2265945,1
0.2312934,0.2348135,1
0.2496576,0.27275,1
0.2838474,0.2636737,1
0.2664957,0.2904389,1
0.3048573,0.3025025,1
0.3144042,0.3185374,1
0.3108826,0.3053902,1
0.3044931,0.3063908,1
0.3061355,0.3040572,1
0.3032731,0.2970118,1
0.2863471,0.2662103,1
0.2797629,0.2835899,1
0.2478257,0.2145909,1
0.2087686,0.2115545,1
0.212181,0.201265,1
0.2125116,0.2220978,1
0.2355108,0.2497215,1
0.2549351,0.2549228,1
0.2612767,0.2605619,1
0.2503666,0.2385754,1
0.2488266,0.2693782,1
0.292066,0.2993819,1
0.2987803,0.3020424,1
0.3340432,0.3986806,1
0.4902678,0.549843,1
0.5679325,0.5757813,1
0.5828121,0.5843217,1
0.3876617,0.3941319,0
0.4059797,0.4223447,0
0.415981,0.415981,0
0.415981,0.415981,0
0.423121,0.4274716,0
0.4275124,0.4278584,0
0.5274022,0.6677204,0
0.6637802,0.663345,0
0.6702184,0.6875323,0
0.6966137,0.6952717,0
0.6935142,0.690722,0
0.690968,0.6873976,0
0.672761,0.6483327,0
0.6131185,0.5489451,0
0.4988012,0.4760637,0
0.3374623,0.3421941,0
0.3569273,0.3464014,0
0.3160948,0.2814516,0
0.2757858,0.2845751,0
0.3173751,0.3469956,0
0.3649202,0.3814442,0
0.3952527,0.4062547,0
0.4134973,0.4308122,0
0.4404577,0.4551138,0
0.4573289,0.4606012,0
0.4740429,0.4768102,0
0.4769977,0.4772433,0
0.4710401,0.4677447,0
0.4653608,0.4600902,0
0.441972,0.4309004,0
0.4413803,0.4536122,0
0.4605269,0.462835,0
0.4720193,0.4738177,0
0.461272,0.4564433,0
0.456954,0.460936,0
0.461178,0.4583022,0
0.4726984,0.4974251,0
0.5132641,0.5239707,0
0.5284456,0.5300574,0
0.5140754,0.4907965,0
0.4545168,0.4206185,0
0.4047128,0.4159634,0
0.437435,0.4627406,0
0.4863151,0.4956517,0
0.5065696,0.5125211,0
0.5061606,0.4954294,0
0.4941444,0.4882956,0
0.4698735,0.4560411,0
0.4458529,0.4323804,0
0.4295582,0.4382985,0
0.458828,0.4736385,0
0.4773626,0.473062,0
0.4762177,0.4639907,0
0.4321697,0.3889787,0
0.3910843,0.4087736,0
0.4283357,0.4339561,0
0.4311114,0.4288118,0
0.4341257,0.4508754,0
0.4755864,0.4939088,0
0.4934195,0.4922051,0
0.4815065,0.4785899,0
0.4805126,0.483951,0
0.4816202,0.4782788,0
0.4704784,0.4563846,0
0.4379374,0.4209808,0
0.4056863,0.4068909,0
0.4079452,0.4146778,0
0.4330404,0.4465126,0
0.4463607,0.4434524,0
0.436099,0.4330216,0
0.4424062,0.4457439,0
0.4453618,0.4481618,0
0.4460593,0.4374247,0
0.4326633,0.4399372,0
0.4445046,0.4270228,0
0.3959294,0.3556724,0
0.3330755,0.327742,0
0.3130819,0.2991561,0
0.2777755,0.2685802,0
0.2787418,0.2868764,0
0.2930864,0.2985532,0
0.299152,0.3005301,0
0.2919593,0.2929916,0
0.2990176,0.3088159,0
0.3206403,0.3309359,0
0.343305,0.3503871,0
0.3570543,0.3532956,0
0.3350262,0.3183448,0
0.3120345,0.3115113,0
0.315853,0.302009,0
0.2761124,0.3176933,0
0.3657324,0.3949086,0
0.4004879,0.4065507,0
0.4092301,0.4021931,0
0.4032421,0.4197818,0
0.4331449,0.4325057,0
0.4246134,0.4198266,0
0.4164462,0.4158936,0
0.417842,0.4231922,0
0.4188344,0.4098433,0
0.3900066,0.3817209,0
0.3809881,0.3790468,0
0.3776613,0.3686846,0
0.360845,0.3588957,0
0.358444,0.3556849,0
0.3530732,0.3448153,0
0.3243196,0.3075743,0
0.3575809,0.428436,0
0.4539591,0.4393149,0
0.4242598,0.4142732,0
0.4112223,0.4130209,0
0.4170851,0.425933,0
0.4493561,0.4776752,0
0.4956149,0.5008315,0
0.5024001,0.4989818,0
0.4889015,0.4705057,0
0.4452002,0.4268145,0
0.4216604,0.4303402,0
0.4300176,0.419795,0
0.3964228,0.3824902,0
0.3832849,0.3828989,0
0.3572315,0.3182879,0
0.3097654,0.3178228,0
0.3306894,0.353328,0
0.3738912,0.3880828,0
0.4013181,0.4270036,0
0.4292559,0.4266861,0
0.4297556,0.427514,0
0.4284221,0.431769,0
0.4348745,0.4365375,0
0.4366484,0.4379912,0
0.4414961,0.4640539,0
0.5350686,0.6358622,0
0.7308082,0.7611625,0
0.766678,0.7681143,0
0.7713494,0.7748423,0
0.7753795,0.777952,0
0.7785026,0.7802184,0
0.7807947,0.7809201,0
0.7809201,0.7809201,0
0.7819866,0.7700488,0
0.7249129,0.6413183,0
0.5566164,0.4662203,0
0.3902583,0.355664,0
0.3381051,0.3314208,0
0.3408339,0.3516949,0
0.3500385,0.3510921,0
0.359744,0.399002,0
0.4557645,0.4770763,0
0.4799008,0.479894,0
0.4730029,0.4673425,0
0.4621802,0.4514653,0
0.4320846,0.4213814,0
0.410015,0.3980544,0
0.3944883,0.3961925,0
0.3936963,0.3924165,0
0.3646126,0.2913506,0
0.2744214,0.2957108,0
0.3195483,0.339934,0
0.366179,0.3921935,0
0.4007882,0.3965469,0
0.3961408,0.4004883,0
0.4022231,0.3885539,0
0.3746598,0.3654639,0
0.3479696,0.3322504,0
0.3271697,0.327639,0
0.3424886,0.3535817,0
0.3629193,0.3658207,0
0.353009,0.3310193,0
0.3089143,0.2938851,0
0.2900933,0.2902876,0
0.2910646,0.2879913,0
0.2858681,0.2901923,0
0.2911649,0.2888129,0
0.2849854,0.3345213,0
0.3811524,0.3920954,0
0.419417,0.4532029,0
0.471426,0.4840006,0
0.4928084,0.5001555,0
0.5147669,0.5262351,0
0.5328462,0.5409712,0
0.5631911,0.5764697,0
0.5868887,0.5924999,0
0.5881801,0.5928649,0
0.6025702,0.6169828,0
0.6140217,0.6108007,0
0.6072857,0.6055911,0
0.6013182,0.5755954,0
0.535632,0.5190486,0
0.5094752,0.4931241,0
0.4713631,0.4344591,0
0.3898358,0.3374816,0
0.277518,0.2035538,0
0.1173057,0.1520629,0
0.2006487,0.2162121,0
0.2254972,0.2474815,0
0.3221917,0.4701407,0
0.5953235,0.6707633,0
0.6895579,0.6899394,0
0.6899394,0.6899394,0
0.1788337,0.1788337,1
0.1788337,0.1788337,1
0.1788337,0.2556126,1
0.2375025,0.255552,1
0.2626903,0.2680117,1
0.271348,0.276724,1
0.2837807,0.2919712,1
0.2969466,0.3093857,1
0.3235943,0.308827,1
0.3074476,0.3682185,1
0.4511252,0.4932214,1
0.5008606,0.4905683,1
0.4748432,0.4653571,1
0.4605137,0.4588535,1
0.460085,0.45784,1
0.4580249,0.502019,1
0.540726,0.5463222,1
0.5705402,0.5714597,1
0.5619166,0.5132266,1
0.4308254,0.3930063,1
0.4002462,0.4122325,1
0.4277104,0.4342094,1
0.4347914,0.4349471,1
0.4381505,0.4441409,1
0.4124261,0.3566643,1
0.2921158,0.2359933,1
0.2296306,0.2979624,1
0.3764763,0.4140639,1
0.4226727,0.4298295,1
0.4275858,0.4447146,1
0.4546503,0.4615777,1
0.4667688,0.4687295,1
0.4716902,0.4765136,1
0.4862429,0.4916022,1
0.4922338,0.483219,1
0.4671902,0.4396514,1
0.4263397,0.4575141,1
0.4930126,0.5052229,1
0.5053621,0.4985819,1
0.4894945,0.4675622,1
0.4472276,0.4517752,1
0.475296,0.4729609,1
0.452177,0.4360036,1
0.435064,0.4280125,1
0.4179814,0.4027372,1
0.3867804,0.3633476,1
0.3471922,0.3524541,1
0.3569599,0.3576111,1
0.3575407,0.3461588,1
0.3014885,0.2280162,1
0.1832881,0.1808584,1
0.172659,0.1516977,1
0.1507556,0.1548391,1
0.1455286,0.1480312,1
0.1499829,0.1431824,1
0.1460602,0.154382,1
0.1735441,0.1858827,1
0.1885659,0.200857,1
0.2386214,0.2925454,1
0.3260325,0.3269974,1
0.3408225,0.3509319,1
0.3565291,0.3516386,1
0.3361464,0.328106,1
0.3414627,0.3862953,1
0.4922878,0.5862477,1
0.6089862,0.6111576,1
0.6130817,0.605913,1
0.5731239,0.525293,1
0.468533,0.468533,1
0.468533,0.468533,1
0.468533,0.468533,1
0.468533,0.468533,1
0.4659764,0.4799698,1
0.4372766,0.4104955,1
0.3963831,0.3867829,1
0.3644292,0.3264856,1
0.2945269,0.2838523,1
0.2858047,0.288039,1
0.2893706,0.2893895,1
0.2956057,0.2960193,1
0.2957081,0.2754082,1
0.2550865,0.257307,1
0.2739018,0.2751542,1
0.2760301,0.2734581,1
0.2803112,0.3102277,1
0.3474347,0.3756884,1
0.3909587,0.3967815,1
0.3937658,0.3849903,1
0.369493,0.35864,1
0.3561678,0.3576836,1
0.357072,0.3734734,1
0.397113,0.4003291,1
0.3973929,0.3790264,1
0.3362361,0.3117304,1
0.2929068,0.2986687,1
0.3264199,0.4081698,1
0.5110034,0.5622005,1
0.5705384,0.5662283,1
0.562701,0.5462123,1
0.5167131,0.5072943,1
0.5145229,0.5329119,1
0.5464545,0.5535797,1
0.549916,0.5361758,1
0.5221317,0.5067315,1
0.4866942,0.4390264,1
0.3386121,0.2194821,1
0.2016131,0.2045439,1
0.2135126,0.2195255,1
0.21184,0.205191,1
0.2108368,0.2058355,1
0.2260678,0.2635229,1
0.2713834,0.2721614,1
0.2751865,0.2792867,1
0.2830319,0.3180653,1
0.3172483,0.3213121,1
0.336264,0.3395695,1
0.3420547,0.351035,1
0.3567772,0.3579745,1
0.3492633,0.3370735,1
0.3713542,0.4349208,1
0.4592435,0.4617179,1
0.4516033,0.4515138,1
0.4711275,0.5004596,1
0.5505471,0.6233408,1
0.7114847,0.809167,1
0.8987979,0.9526359,1
1.013646,1.066936,1
1.095838,1.110421,1
1.110976,1.110646,1
1.110646,1.110646,1
1.110646,1.110646,1
1.110646,1.10628,1
1.087549,0.8550123,1
0.7358809,0.7748697,1
0.8235068,0.8639451,1
0.9363405,0.9972916,1
1.006752,1.006752,1
1.006752,1.006752,1
1.006752,1.006752,1
1.006752,1.012063,1
1.012608,1.012608,1
1.012608,1.012608,1
1.012608,1.00154,1
0.931366,0.7575085,1
0.5471992,0.418124,1
0.3980342,0.3977702,1
0.3987039,0.4052431,1
0.4169557,0.4102336,1
0.3890534,0.3727272,1
0.3553853,0.3279493,1
0.2909999,0.2218402,1
0.1730469,0.1647996,1
0.2190238,0.2804563,1
0.2900766,0.3124767,1
0.3960132,0.4758148,1
0.508024,0.5063565,1
0.5042969,0.5037537,1
0.5068202,0.5093171,1
0.5202639,0.5249244,1
0.5250889,0.516317,1
0.3360083,0.3416825,1
0.3510872,0.3652052,1
0.374963,0.3628755,1
0.3312224,0.3006271,1
0.2747455,0.2506257,1
0.2287863,0.2640265,1
0.416927,0.5670083,1
0.6473801,0.6683147,1
0.6784296,0.6780292,1
0.6775284,0.6823177,1
0.6859804,0.6922562,1
0.696354,0.6998276,1
0.7074303,0.7065368,1
0.7059157,0.7078319,1
0.7035468,0.680216,1
0.6317658,0.3722361,1
0.3887575,0.3973315,1
0.3936997,0.3858209,1
0.3646215,0.3417695,1
0.3404407,0.3471362,1
0.3436413,0.3309695,1
0.3201346,0.315475,1
0.3090459,0.2959577,1
0.2949562,0.2922143,1
0.3063295,0.3306606,1
0.3321698,0.3246788,1
0.3230824,0.3216911,1
0.3176014,0.3001579,1
0.2845131,0.338266,1
0.3347752,0.3273274,1
0.3452442,0.3715111,1
0.3811391,0.3885258,1
0.2983152,0.2883179,1
0.2497901,0.204565,1
0.1960442,0.2152609,1
0.2474573,0.2632667,1
0.2716188,0.2745354,1
0.2788825,0.2790138,1
0.2817065,0.2896988,1
0.2981372,0.299039,1
0.2828283,0.2752609,1
0.2823598,0.3030851,1
0.3207012,0.3188983,1
0.2975563,0.2582816,1
0.2380589,0.2372138,1
0.245588,0.2565769,1
0.2540921,0.2538273,1
0.2569391,0.2609355,1
0.2525069,0.2395917,1
0.2319769,0.2042116,1
0.1634428,0.1359623,1
0.09686286,0.158066,1
0.1423628,0.1391555,1
0.1471698,0.2181392,1
0.3163911,0.3539478,1
0.3594539,0.3548997,1
0.3366033,0.3237546,1
0.3113739,0.3016748,1
0.3091339,0.318084,1
0.3253576,0.3338874,1
0.3602151,0.3871799,1
0.4021263,0.3555282,1
0.3548123,0.3457488,1
0.3508702,0.3869834,1
0.4124514,0.4276264,1
0.4302009,0.430654,1
0.4307933,0.4307327,1
0.4303401,0.4266622,1
0.4251928,0.4156088,1
0.3832067,0.3507576,1
0.3495055,0.3572459,1
0.3553694,0.3354397,1
0.3208947,0.3228179,1
0.3153843,0.2776989,1
0.2445978,0.2303458,1
0.2362967,0.2445063,1
0.2459067,0.2403037,1
0.2389609,0.2452008,1
0.2484805,0.2455101,1
0.2408484,0.2426581,1
0.2382199,0.2400222,1
0.2402182,0.2306284,1
0.2252377,0.2265991,1
0.2246311,0.2201988,1
0.2086507,0.1951361,1
0.1833201,0.2559174,1
0.2799596,0.2950867,1
0.2474457,0.2558533,1
0.2546983,0.2469931,1
0.252966,0.2461883,1
0.2325358,0.2179951,1
0.2046299,0.1992508,1
0.2060225,0.2107468,1
0.1941855,0.1794816,1
0.1782006,0.1522616,1
0.1047639,0.03543527,1
-0.01867068,-0.02993586,1
-0.01512591,0.01780591,1
0.0953763,0.2096715,1
0.2947852,0.3359551,1
0.344689,0.3429778,1
0.3396859,0.3429706,1
0.352307,0.365479,1
0.3702776,0.3886347,1
0.4011708,0.4123616,1
0.4187602,0.4216852,1
0.4177861,0.4118498,1
0.3746232,0.3361205,1
0.3203311,0.3228807,1
0.3249023,0.3256694,1
0.3322765,0.3632693,1
0.4512556,0.5160052,1
0.5483078,0.564877,1
0.5732211,0.5996263,1
0.7400914,0.7401413,0
0.74169,0.7449852,0
0.7479894,0.749033,0
0.7445175,0.7178363,0
0.6681296,0.5748082,0
0.5356877,0.5098,0
0.4983648,0.4900897,0
0.4813488,0.4706208,0
0.4600687,0.4537779,0
0.4339566,0.4074123,0
0.3784458,0.355692,0
0.3586459,0.3514572,0
0.3441024,0.2466171,0
0.2575413,0.2808885,0
0.3032581,0.3216166,0
0.3403252,0.3805297,0
0.4241896,0.5035066,0
0.5608162,0.59211,0
0.599256,0.6009659,0
0.6103243,0.6215467,0
0.6282129,0.6334271,0
0.636449,0.6386476,0
0.6395023,0.6433371,0
0.6411813,0.6418578,0
0.651404,0.6727056,0
0.7368482,0.8144853,0
0.8224071,0.8080385,0
0.8324185,0.8795512,0
0.8823087,0.8823087,0
0.8823087,0.8823087,0
0.8823087,0.8823087,0
0.8823087,0.8815186,0
0.8815186,0.8798942,0
0.8680072,0.8775746,0
0.8354511,0.8085748,0
0.7092434,0.7275589,0
0.7633305,0.7956043,0
0.8180251,0.7529114,0
0.7631776,0.7663691,0
0.7485531,0.7514096,0
0.7640038,0.8017668,0
0.8410586,0.8478683,0
0.8478683,0.8477925,0
0.8478512,0.8474248,0
0.8447749,0.8333498,0
0.8107031,0.7694054,0
0.7469441,0.7450371,0
0.7484018,0.7509118,0
0.7560465,0.769035,0
0.7227671,0.604403,0
0.5229468,0.5270468,0
0.5320307,0.5347181,0
0.5340737,0.5154203,0
0.5071002,0.5092,0
0.5109931,0.5086988,0
0.4979281,0.4935097,0
0.4888595,0.4668322,0
0.4415435,0.4323705,0
0.4381732,0.4458356,0
0.4316346,0.4174735,0
0.4153154,0.4249666,0
0.4312031,0.4270493,0
0.42709,0.4369845,0
0.4592857,0.4756181,0
0.4704239,0.4498462,0
0.4360303,0.4317983,0
0.4301847,0.4009924,0
0.3470864,0.2905384,0
0.2688235,0.2507339,0
0.2310769,0.216653,0
0.2212708,0.2288197,0
0.2346109,0.2367172,0
0.2435714,0.2598674,0
0.2798461,0.2865509,0
0.3018235,0.3198479,0
0.3444137,0.3733873,0
0.3816897,0.3946726,0
0.403722,0.3997991,0
0.3928483,0.3923573,0
0.3919974,0.3884197,0
0.3984946,0.4193467,0
0.4387852,0.4520518,0
0.4915423,0.545493,0
0.5783669,0.5831651,0
0.5817271,0.5806052,0
0.5955286,0.6103191,0
0.6155927,0.6148555,0
0.6131257,0.6118411,0
0.6070911,0.6016913,0
0.5840405,0.5507097,0
0.4946606,0.4350685,0
0.3747129,0.3091678,0
0.2879216,0.2880425,0
0.3082558,0.3294797,0
0.3455964,0.3667106,0
0.3843034,0.3972493,0
0.3995412,0.4027807,0
0.4085653,0.3957236,0
0.3634233,0.3885995,0
0.515259,0.6519054,0
0.7408065,0.783021,0
0.7908655,0.7921115,0
0.7939181,0.7933934,0
0.7941701,0.7971365,0
0.7988374,0.7974905,0
0.7980223,0.7967412,0
0.7950468,0.7951968,0
0.7951953,0.7762527,0
0.7005419,0.5870515,0
0.4767405,0.4284374,0
0.4327195,0.4312561,0
0.4268926,0.4234024,0
0.427571,0.427974,0
0.427274,0.4239442,0
0.4338356,0.4590247,0
0.4825931,0.4920662,0
0.4828284,0.4680103,0
0.4548398,0.4379473,0
0.418512,0.4066151,0
0.4015841,0.4059896,0
0.4133078,0.4185394,0
0.4365398,0.4620766,0
0.4724206,0.4571464,0
0.3996997,0.3165623,0
0.3054706,0.3238099,0
0.3378194,0.3464972,0
0.3478439,0.3576984,0
0.3802695,0.4419889,0
0.5287238,0.6221622,0
0.6558046,0.6549737,0
0.654603,0.6536166,0
0.6539698,0.6541303,0
0.653443,0.6726698,0
0.7032934,0.7163216,0
0.719131,0.7199038,0
0.7237483,0.7273579,0
0.7249065,0.6932878,0
0.6366777,0.585666,0
0.5620433,0.5586134,0
0.556134,0.5658883,0
0.5891953,0.6246859,0
0.6531574,0.6760327,0
0.6848838,0.6806944,0
0.6804593,0.6570016,0
0.6167027,0.6568351,0
0.700941,0.7263154,0
0.7353609,0.7360998,0
0.736019,0.7303593,0
0.7207239,0.7118573,0
0.6931285,0.6552956,0
0.620919,0.5954598,0
0.5580735,0.5070306,0
0.4450302,0.3627225,0
0.2895321,0.2370001,0
0.1999093,0.1696907,0
0.1418745,0.1387395,0
0.148932,0.1475395,0
0.1530083,0.1651799,0
0.1746202,0.1833182,0
0.1842755,0.1832257,0
0.1820824,0.1810907,0
0.1770086,0.1649966,0
0.1532344,0.1545462,0
0.1732535,0.1760895,0
0.1658933,0.1380146,0
0.1331398,0.1383983,0
0.1294916,0.121144,0
0.1007503,0.08725273,0
0.07823469,0.07281917,0
0.05695894,0.05371526,0
0.05696536,0.0610374,0
0.1032089,0.156395,0
0.1865694,0.2036089,0
0.2180833,0.2174758,0
0.2330508,0.2488908,0
0.2557459,0.2670116,0
0.2688626,0.2534997,0
0.2458919,0.2557031,0
0.2738865,0.2863051,0
0.286072,0.2815158,0
0.2788231,0.2767112,0
0.2613046,0.2278286,0
0.1977902,0.161312,0
0.1622536,0.191408,0
0.205989,0.2098485,0
0.2076898,0.215506,0
0.2216723,0.2083504,0
0.1973526,0.2344419,0
0.2663065,0.2801734,0
0.2847393,0.2839416,0
0.2849317,0.2898474,0
0.2902854,0.2760391,0
0.2495529,0.2408942,0
0.2331516,0.2182757,0
0.2116012,0.2293431,0
0.2486446,0.2489941,0
0.2255616,0.1832459,0
0.1492177,0.1454711,0
0.1435041,0.1381251,0
0.1404318,0.1556887,0
0.1877987,0.230325,0
0.253234,0.2626827,0
0.276278,0.3070073,0
0.328324,0.3594272,0
0.4351825,0.5427991,0
0.6312075,0.6816841,0
0.6930186,0.6987426,0
0.7158808,0.7604113,0
0.8049979,0.8340955,0
0.8450273,0.8476418,0
0.8494954,0.8558381,0
0.8587355,0.859084,0
0.8571568,0.8519138,0
0.8370894,0.7965022,0
0.7395072,0.6943811,0
0.6723533,0.6498275,0
0.6183369,0.5880669,0
0.5958336,0.7127537,0
0.8178295,0.8595141,0
0.8458546,0.8350742,0
0.8201957,0.7982463,0
0.7971628,0.7871398,0
0.7796806,0.772059,0
0.7652625,0.7582175,0
0.7608629,0.7758167,0
0.7952861,0.8018781,0
0.7748296,0.697176,0
0.5885028,0.501994,0
0.4583786,0.4263721,0
0.3937749,0.3684,0
0.3607196,0.3678049,0
0.3758969,0.3664752,0
0.3593815,0.3568241,0
0.3505665,0.3280907,0
0.3196697,0.3169405,0
0.3101172,0.2982993,0
0.3204254,0.3591056,0
0.4036537,0.4361783,0
0.4529199,0.4631198,0
0.4662889,0.4640649,0
0.454792,0.4435667,0
0.4420533,0.4460608,0
0.4550618,0.4631965,0
0.4982421,0.5176179,0
0.5396678,0.5722639,0
0.606306,0.6253541,0
0.6081225,0.5903786,0
0.5765791,0.5615835,0
0.5442171,0.5726213,0
0.6049654,0.6385441,0
0.6673502,0.682846,0
0.6835834,0.6701298,0
0.6598285,0.6554666,0
0.6550742,0.6363558,0
0.5964971,0.5732808,0
0.571604,0.5706547,0
0.5689402,0.5540519,0
0.1478348,0.112526,1
0.1176978,0.1367032,1
0.1594468,0.1961203,1
0.214909,0.3197518,1
0.3370711,0.3468281,1
0.3482621,0.34964,1
0.3530467,0.3565353,1
0.3600996,0.3633386,1
0.5388869,0.5458561,1
0.5359508,0.5152715,1
0.5058381,0.4982278,1
0.4787774,0.4571243,1
0.4263299,0.3978022,1
0.3763329,0.3686826,1
0.3686573,0.3735977,1
0.3869653,0.4027299,1
0.4320943,0.4459406,1
0.4449296,0.4462913,1
0.4431003,0.4148393,1
0.393375,0.3763219,1
0.3678769,0.3786116,1
0.3881011,0.3850487,1
0.3984183,0.4306555,1
0.45509,0.4647383,1
0.4629935,0.4423734,1
0.4114701,0.3881375,1
0.3790193,0.3777647,1
0.3848161,0.3969316,1
0.3972304,0.3243655,1
0.3053212,0.312874,1
0.3191064,0.3190519,1
0.2955936,0.2614241,1
0.2419678,0.2454187,1
0.2592485,0.2810684,1
0.293305,0.2943238,1
0.3135204,0.3311852,1
0.3513274,0.3647546,1
0.3889121,0.4271049,1
0.4564894,0.4820873,1
0.5020948,0.5179011,1
0.5323229,0.5395395,1
0.5423855,0.5393626,1
0.5407817,0.5442988,1
0.5528211,0.5566628,1
0.4034621,0.4326688,1
0.4388821,0.4393913,1
0.439022,0.4408459,1
0.4334193,0.4288197,1
0.4191453,0.4058159,1
0.4098035,0.4270388,1
0.4477597,0.4515899,1
0.4418862,0.4184121,1
0.3876641,0.3578211,1
0.3327348,0.3222311,1
0.328331,0.3355685,1
0.3312937,0.3156947,1
0.2888855,0.2597433,1
0.2574092,0.2978181,1
0.3127239,0.3009596,1
0.2600724,0.226125,1
0.1955271,0.1695653,1
0.1581728,0.1485054,1
0.1381953,0.1412184,1
0.1514829,0.1923982,1
0.2455049,0.2719222,1
0.2714089,0.2601719,1
0.2480793,0.2945837,1
0.3327248,0.3337019,1
0.3435586,0.3477244,1
0.3439968,0.3493258,1
0.3528811,0.3550698,1
0.3554588,0.3593265,1
0.3596548,0.236527,1
0.1760397,0.1867984,1
0.193874,0.2015812,1
0.1707183,0.1407811,1
0.1255545,0.1487846,1
0.1817178,0.2278017,1
0.2531084,0.2615752,1
0.2629414,0.2742144,1
0.2872398,0.2970859,1
0.2969069,0.2992823,1
0.3167244,0.3259034,1
0.330709,0.3288659,1
0.3223902,0.2928002,1
0.2538542,0.2325269,1
0.2338205,0.2511299,1
0.2559779,0.2486734,1
0.2498174,0.2523014,1
0.260542,0.2683228,1
0.2693367,0.2526711,1
0.2303143,0.2239188,1
0.2216503,0.2171642,1
0.2267425,0.2334296,1
0.2318643,0.2070242,1
0.1648163,0.139099,1
0.137601,0.137601,1
0.1360712,0.1207488,1
0.1096717,0.156516,1
0.2602232,0.3291906,1
0.3590972,0.3660137,1
0.3679176,0.3589959,1
0.3641828,0.4175167,1
0.4860427,0.5373333,1
0.5587273,0.5807773,1
0.6136208,0.6306319,1
0.6334023,0.6388647,1
0.6449385,0.6522707,1
0.6600676,0.6639059,1
0.6530185,0.6320329,1
0.6180766,0.6119094,1
0.6072752,0.5826524,1
0.5449332,0.5154451,1
0.4829335,0.4505593,1
0.4235936,0.4046519,1
0.3968797,0.391417,1
0.3823331,0.3355243,1
0.3022876,0.325161,1
0.3814692,0.4672414,1
0.6003221,0.7280685,1
0.7901081,0.8057097,1
0.8081672,0.8079737,1
0.8113837,0.8160912,1
0.8187428,0.8189061,1
0.8192937,0.8192937,1
0.8197074,0.8189749,1
0.821144,0.8191015,1
0.8064601,0.75907,1
0.6451969,0.5060567,1
0.4114238,0.3405064,1
0.3304439,0.3298984,1
0.3298984,0.3298984,1
0.3298984,0.3298984,1
0.3292125,0.1454215,1
0.1554695,0.2059614,1
0.2325982,0.2389962,1
0.2513309,0.243605,1
0.215286,0.2050885,1
0.231547,0.287274,1
0.3108873,0.3120477,1
0.3105975,0.3148499,1
0.3284036,0.3343044,1
0.3362042,0.3454838,1
0.3444054,0.3509833,1
0.3535768,0.3524995,1
0.3508588,0.3424977,1
0.3238906,0.3063971,1
0.2687294,0.2505483,1
0.2485589,0.2481084,1
0.248776,0.2470185,1
0.242442,0.2310116,1
0.2063974,0.1946166,1
0.2003323,0.2181039,1
0.2364269,0.2509731,1
0.2764612,0.2909944,1
0.2997139,0.3029704,1
0.3034932,0.3070692,1
0.3084628,0.3061228,1
0.2803533,0.2539595,1
0.2596368,0.2683829,1
0.2786136,0.2860689,1
0.2881271,0.2898614,1
0.2713067,0.2385711,1
0.217278,0.2051797,1
0.197983,0.1842646,1
0.1584819,0.1447455,1
0.1391006,0.1275425,1
0.1308856,0.1724014,1
0.1934092,0.1939253,1
0.1637284,0.1247512,1
0.121694,0.1160406,1
0.1226471,0.121708,1
0.122435,0.1201496,1
0.1205156,0.1244216,1
0.1589179,0.230343,1
0.3734257,0.462309,1
0.5055763,0.5167704,1
0.5223523,0.534584,1
0.556653,0.5714282,1
0.5731556,0.577733,1
0.577733,0.5779375,1
0.5895461,0.6134338,1
0.6561793,0.7071762,1
0.7636182,0.7483619,1
0.7113467,0.6668882,1
0.6331997,0.6186096,1
0.5918909,0.5796349,1
0.5757266,0.5747391,1
0.5747391,0.5747391,1
0.5747391,0.5747391,1
0.5747391,0.5747391,1
0.5747391,0.5747391,1
0.4481043,0.3061783,1
0.3374439,0.3941606,1
0.4780039,0.6524452,1
0.7885498,0.8553485,1
0.8658673,0.8664997,1
0.8664997,0.8664997,1
0.8692254,0.8812892,1
0.8947102,0.8985043,1
0.8985043,0.8982801,1
0.8972838,0.8970459,1
0.8970459,0.8872174,1
0.8774443,0.8014129,1
0.6488722,0.5117912,1
0.51631,0.5460013,1
0.5737877,0.5975223,1
0.6091426,0.6178493,1
0.6233848,0.6260633,1
0.6292591,0.6363673,1
0.646695,0.6484455,1
0.6360393,0.6040222,1
0.5694166,0.5432672,1
0.5180638,0.5199638,1
0.5118378,0.4990447,1
0.4867961,0.4788749,1
0.474778,0.4768982,1
0.483995,0.4857783,1
0.4839204,0.4799809,1
0.4712737,0.4721225,1
0.473447,0.4940799,1
0.5084856,0.4721977,1
0.4522819,0.4574078,1
0.4781848,0.5053385,1
0.5158533,0.5254057,1
0.5309365,0.5331023,1
0.5323754,0.5339944,1
0.5463616,0.5624145,1
0.571833,0.5719523,1
0.54865,0.5270546,1
0.5236531,0.5233241,1
0.5129438,0.494437,1
0.4786708,0.4655015,1
0.4762325,0.5084984,1
0.5306231,0.5582523,1
0.6229954,0.6854693,1
0.7226564,0.7385074,1
0.7430491,0.7436468,1
0.7446961,0.7486668,1
0.7592371,0.7621428,1
0.7580107,0.7569376,1
0.7578635,0.7583517,1
0.751479,0.737545,1
0.7088312,0.6695394,1
0.6044003,0.4967149,1
0.3699848,0.2900905,1
0.2542249,0.2448805,1
0.2367215,0.2439813,1
0.3161484,0.4591916,1
0.5886754,0.6474091,1
0.6664109,0.6682088,1
0.6728067,0.7057716,1
0.8667026,1.103589,1
1.258812,1.310845,1
1.31209,1.31268,1
1.317195,1.336607,1
1.366302,1.38056,1
1.381372,1.379774,1
1.37664,1.376302,1
1.376302,1.376302,1
1.376302,1.376302,1
1.310729,1.1422,1
0.9498174,0.8355748,1
0.8028954,0.791424,1
0.7254474,0.6012929,1
0.4976195,0.451078,1
0.4469469,0.452072,1
0.463749,0.4753533,1
0.4902276,0.4703864,1
0.4013653,0.3962707,1
0.4155477,0.4191764,1
0.4206358,0.426071,1
0.429335,0.4311318,1
0.4304779,0.4146282,1
0.406595,0.4016939,1
0.4044376,0.4097366,1
0.4261276,0.4447622,1
0.4852488,0.5659087,1
0.6571645,0.706122,1
0.7135305,0.7079702,1
0.7059166,0.7052878,1
0.7048761,0.7048259,1
0.7056083,0.702916,1
0.6976472,0.694449,1
0.6943168,0.6947207,1
0.7028562,0.7073061,1
0.6825795,0.6262478,1
0.5606488,0.4908438,1
0.489476,0.5072661,1
0.5142968,0.5226309,1
0.5459095,0.565773,1
0.5826359,0.5978395,1
0.6256199,0.6647987,1
0.6843325,0.6947943,1
0.6921451,0.6842385,1
0.6837722,0.6699859,1
0.6644156,0.658378,1
0.6572312,0.6616919,1
0.6771898,0.6916226,1
0.7007399,0.7012539,1
0.6929098,0.6566794,1
0.5811654,0.4871593,1
0.4370756,0.413294,1
0.400271,0.4066068,1
0.4301987,0.4435018,1
0.4745511,0.5354786,1
0.5932841,0.6224556,1
0.6397862,0.6512308,1
0.6553278,0.6556284,1
0.6550645,0.6550645,1
0.6550645,0.6571965,1
0.6730071,0.6867595,1
0.690306,0.6799806,1
0.6717438,0.6598446,1
0.608391,0.5512481,1
0.5279104,0.5206829,1
0.5102595,0.5053632,1
0.5029155,0.4947772,1
0.4818874,0.4649078,1
0.4669172,0.4778805,1
0.4729838,0.4660866,1
0.4693861,0.4724819,1
0.4726542,0.463123,1
0.4445532,0.4026696,1
0.3755848,0.3614898,1
0.3486905,0.3417058,1
0.3551635,0.3645121,1
0.3592571,0.3379215,1
0.3330663,0.336331,1
0.3452909,0.3537032,1
0.3538059,0.3504153,1
0.3422856,0.3445328,1
0.3576031,0.381685,1
0.4074408,0.4421442,1
0.4580627,0.4564896,1
0.4507647,0.4472704,1
0.4444156,0.4392656,1
0.4250689,0.4124796,1
0.4227934,0.422136,1
0.4227324,0.4216802,1
0.4258931,0.4246058,1
0.4315302,0.4349775,1
0.4161708,0.4070488,1
0.4100395,0.4206116,1
0.4259843,0.4294148,1
0.4310542,0.4223068,1
0.4222267,0.4445516,1
0.4570827,0.4552115,1
0.469046,0.5230774,1
0.5523616,0.5349243,1
0.5119187,0.5157167,1
0.514075,0.5186387,1
0.5238156,0.5214559,1
0.5171546,0.5108883,1
0.5071222,0.5052966,1
0.5047812,0.5074341,1
0.5151397,0.532576,1
0.5494688,0.5426415,1
0.5259964,0.511178,1
0.5087143,0.5108636,1
0.5146955,0.5148385,1
0.5120903,0.5123615,1
0.5149836,0.5117435,1
0.5074063,0.5046864,1
0.4879447,0.4537296,1
0.4418864,0.4387193,1
0.4010107,0.3373915,1
0.2984474,0.2942067,1
0.294162,0.291594,1
0.281435,0.2355802,1
0.1577719,0.1112849,1
0.1086994,0.1380913,1
0.1688391,0.1741492,1
0.1689978,0.1371628,1
0.1067482,0.0939777,1
0.1147893,0.1630907,1
0.2080437,0.2592103,1
0.3291367,0.3890794,1
0.4301423,0.457419,1
0.4751738,0.480322,1
0.469889,0.4571942,1
0.4668702,0.490094,1
0.5244407,0.5351644,1
0.5428717,0.5491546,1
0.5527183,0.5467007,1
0.537723,0.511776,1
0.4785062,0.4535196,1
0.4498938,0.4507402,1
0.4481947,0.4470711,1
0.444944,0.4524304,1
0.4675323,0.5082932,1
0.5384218,0.5409337,1
0.550719,0.5922871,1
0.6199425,0.6252353,1
0.6306417,0.6318184,1
0.6317681,0.631782,1
0.6320253,0.6363894,1
0.6417169,0.6447048,1
0.6454268,0.6380185,1
0.600769,0.544795,1
0.4981376,0.4616235,1
0.4245537,0.4123844,1
0.384221,0.3923368,1
0.4065306,0.4229183,1
0.4474153,0.4595659,1
0.4564524,0.4422008,1
0.4426651,0.4642999,1
0.4863787,0.4925659,1
0.5101089,0.5272128,1
0.5276037,0.5085291,1
0.4930824,0.4774079,1
0.4679013,0.4739585,1
0.4753306,0.4841037,1
0.4932277,0.4910292,1
0.4876857,0.4778953,1
0.4418114,0.3933316,1
0.384795,0.3853621,1
0.3767373,0.3591617,1
0.3513393,0.3561548,1
0.3723057,0.3921348,1
0.3968188,0.3841349,1
0.3747106,0.3956504,1
0.4560497,0.5172226,1
0.5412253,0.5423217,1
0.5381832,0.524019,1
0.5247561,0.5271565,1
0.5254737,0.5228496,1
0.5199617,0.5153957,1
0.5071427,0.497554,1
0.4927939,0.49583,1
0.4983374,0.4783911,1
0.4641999,0.5480198,1
0.6084855,0.6321051,1
0.6191643,0.6126451,1
0.6143076,0.616514,1
0.616032,0.6033753,1
0.5911096,0.5844728,1
0.5796067,0.5783066,1
0.5775584,0.5687431,1
0.5571096,0.5348241,1
0.5062932,0.4684589,1
0.4002775,0.348546,1
0.3206566,0.3165608,1
0.3637075,0.4607897,1
0.5956508,0.718455,1
0.8365933,0.9400283,1
1.00251,1.029826,1
1.040515,1.042695,1
1.042695,1.042695,1
1.039955,1.038187,1
1.037827,1.037827,1
1.030052,1.018882,1
1.011502,0.9947094,1
0.9636601,0.9636601,1
0.9636601,0.9636601,1
0.9636601,0.9636601,1
0.9636601,0.9636601,1
0.9636601,0.9636601,1
0.9636601,0.9636601,1
0.9165562,0.8182257,1
0.7406694,0.7421741,1
0.7470872,0.7482206,1
0.7510372,0.5342391,1
0.5359788,0.5435891,1
0.5639581,0.5913408,1
0.6059119,0.6094308,1
0.7057336,0.7261727,1
0.7211477,0.7239437,1
0.7371709,0.7630101,1
0.7807332,0.7961224,1
0.8042488,0.8068833,1
0.806645,0.8061552,1
0.8060674,0.802725,1
0.8008792,0.7913864,1
0.6741229,0.4733281,1
0.4855306,0.4855306,1
0.4855306,0.4788821,1
0.4658474,0.4321525,1
0.3727959,0.3145636,1
0.2716259,0.2354053,1
0.2246127,0.1920777,1
0.180501,0.1786516,1
0.1562731,0.1819753,1
0.2047381,0.2273359,1
0.2424283,0.2597872,1
0.2599671,0.2466899,1
0.2606875,0.2844671,1
0.3017271,0.3128917,1
0.33995,0.3583374,1
0.3669249,0.3677814,1
0.3720373,0.4045817,1
0.4588319,0.5231248,1
0.5653824,0.5733097,1
0.5747759,0.5739862,1
0.5733673,0.5695294,1
0.5628909,0.5605316,1
0.5563602,0.5427071,1
0.5346931,0.5260932,1
0.5088932,0.4796285,1
0.4392537,0.4054519,1
0.3602335,0.2992439,1
0.3077622,0.3758167,1
0.4393262,0.4649234,1
0.4737251,0.4702702,1
0.4681953,0.4705106,1
0.4720255,0.525899,1
0.6113306,0.6532556,1
0.6572983,0.6572983,1
0.656597,0.6562008,1
0.6536021,0.6355172,1
0.5958351,0.5376917,1
0.4977094,0.4825103,1
0.469816,0.4616439,1
0.4584756,0.4567487,1
0.4545207,0.4243148,1
0.3739975,0.3374514,1
0.3229818,0.3054549,1
0.2847267,0.2691476,1
0.2536513,0.2447034,1
0.2558226,0.2581119,1
0.2304309,0.2006673,1
0.1725231,0.1408178,1
0.1263897,0.1434787,1
0.1805095,0.2355833,1
0.2640782,0.2704927,1
0.2663673,0.2627198,1
0.2622108,0.2732386,1
0.30732,0.3671161,1
0.4031458,0.4210362,1
0.4275665,0.4276386,1
0.4283629,0.4311157,1
0.4304416,0.4098023,1
0.3761539,0.3470085,1
0.3347476,0.3319844,1
0.3276254,0.335117,1
0.3545768,0.3525054,1
0.3315295,0.3311842,1
0.3613162,0.3958327,1
0.4069434,0.4071853,1
0.4002572,0.3971324,1
0.3808167,0.3606672,1
0.3551945,0.3515206,1
0.3492505,0.3452224,1
0.3333524,0.3070951,1
0.2210882,0.2033094,1
0.1810035,0.1382632,1
0.1120634,0.153717,1
0.1729434,0.2034341,1
0.2190214,0.2287984,1
0.2345622,0.2530394,1
0.2699709,0.2769315,1
0.2909287,0.2952183,1
0.2957231,0.3043889,1
0.3050985,0.3092638,1
0.3053052,0.2941356,1
0.2743614,0.2433317,1
0.2230023,0.2093289,1
0.1979984,0.1933161,1
0.1946294,0.1943749,1
0.1917989,0.1883448,1
0.1863773,0.1948051,1
0.222517,0.239336,1
0.2371724,0.22835,1
0.2229547,0.2109658,1
0.1976534,0.2020753,1
0.2142577,0.2346879,1
0.2342017,0.2222322,1
0.2119261,0.2137552,1
0.2195139,0.219334,1
0.2109113,0.2048895,1
0.2065908,0.2075366,1
0.2056391,0.2026289,1
0.1976823,0.185205,1
0.1528337,0.09794696,1
0.09396307,0.1926709,1
0.3094844,0.3792724,1
0.399527,0.4017873,1
0.4063172,0.4192547,1
0.4436227,0.4757936,1
0.4840654,0.4894707,1
0.5120341,0.5353113,1
0.541634,0.5436897,1
0.5490059,0.5572334,1
0.5540738,0.5201463,1
0.5044901,0.5025517,1
0.5025517,0.5039874,1
0.5044304,0.4914634,1
0.4924912,0.4893666,1
0.483619,0.4596902,1
0.4337963,0.4026635,1
0.3565829,0.327528,1
0.3047532,0.2927825,1
0.2935764,0.2898526,1
0.2928738,0.3022495,1
0.2911032,0.2541984,1
0.2128798,0.1918488,1
0.1810767,0.1609513,1
0.148045,0.1465086,1
0.11518,0.08370978,1
0.07983033,0.08262476,1
0.07801723,0.06736717,1
0.0591588,0.0342571,1
0.009053877,-0.008457543,1
-0.0104843,0.01359192,1
0.03141027,0.03064674,1
0.04926161,0.1072847,1
0.1522277,0.1678004,1
0.1746998,0.1829417,1
0.208657,0.2306534,1
0.2466197,0.2649498,1
0.2913986,0.316305,1
0.3293145,0.3335066,1
0.3267948,0.3277702,1
0.3285785,0.3209786,1
0.3053138,0.2756889,1
0.2459203,0.3034617,1
0.4105302,0.463051,1
0.4721979,0.4747456,1
0.4726534,0.4600403,1
0.4388694,0.4268112,1
0.4126264,0.3920938,1
0.3804898,0.3643807,1
0.3521178,0.2977239,1
0.3189026,0.3321636,1
0.3153271,0.2504474,1
0.204673,0.1991391,1
0.1991903,0.1978983,1
0.1906355,0.1822137,1
0.1804049,0.1696461,1
0.2507301,0.2736734,1
0.2846489,0.2975154,1
0.3017555,0.3029765,1
0.3004658,0.3015797,1
0.3150708,0.3218916,1
0.3408525,0.354234,1
0.3586473,0.3605932,1
0.3622382,0.3643934,1
0.3628689,0.3573669,1
0.3615189,0.3703152,1
0.1389184,0.1410454,1
0.1431706,0.153499,1
0.1733589,0.1856912,1
0.1813875,0.1745031,1
0.1735118,0.1747523,1
0.2173856,0.3006082,1
0.3483945,0.3736302,1
0.3817419,0.3816435,1
0.3981317,0.4949516,1
0.6811489,0.8983162,1
1.05326,1.101084,1
1.101965,1.101965,1
1.101965,1.101965,1
1.102004,1.102004,1
1.101326,1.098624,1
1.09825,1.09825,1
1.09825,1.09825,1
1.098226,1.088726,1
0.9832348,0.7373587,1
0.4297831,0.2762656,1
0.230889,0.2198255,1
0.2048464,0.1754226,1
0.1602313,0.1456798,1
0.1792396,0.2431646,1
0.2783129,0.2833282,1
0.2843941,0.2847494,1
0.2848761,0.2860226,1
0.2824702,0.26769,1
0.2545399,0.2374934,1
0.2126095,0.1802915,1
0.1548628,0.1423441,1
0.1422986,0.1451599,1
0.106691,0.06013014,1
0.0353666,0.04402337,1
0.05060213,0.05329163,1
0.05869289,0.06273475,1
0.05532863,0.05613126,1
0.05869602,0.06280602,1
0.06910536,0.06722029,1
0.07454821,0.1499509,1
0.2798497,0.3553955,1
0.3666014,0.3666014,1
0.3664781,0.3610423,1
0.3664115,0.3891413,1
0.4089257,0.4092202,1
0.4087968,0.4077812,1
0.4080966,0.4105722,1
0.4117252,0.4045552,1
0.3724596,0.2987702,1
0.2421207,0.1856597,1
0.1890485,0.1907946,1
0.182831,0.159761,1
0.1021229,0.0356102,1
0.007428753,0.006706307,1
0.01191759,0.003302949,1
0.0005769826,0.01454758,1
0.01519542,0.007564296,1
-0.02530118,-0.03825936,1
-0.02683868,-0.001308767,1
0.03998004,0.09448737,1
0.1784242,0.3048049,1
0.3150245,0.3155762,1
0.3123734,0.3067422,1
0.3080408,0.3168775,1
0.3280765,0.3776599,1
0.5182884,0.567615,1
0.6704214,0.6850545,1
0.6934915,0.6690084,1
0.6189404,0.5874873,1
0.5860863,0.592335,1
0.5976592,0.5997734,1
0.6031218,0.6044583,1
0.6057885,0.6077929,1
0.6017298,0.4964741,1
0.4135608,0.2532358,1
0.1627094,0.1130334,1
0.09524868,0.08718418,1
0.08428852,0.08465796,1
0.08202036,0.05913289,1
0.01896684,0.03513839,1
0.05444377,0.08073209,1
0.0978795,0.1067584,1
0.1182037,0.1392599,1
0.1577789,0.163133,1
0.1668966,0.1800988,1
0.1993894,0.2138416,1
0.2173469,0.2121027,1
0.2051589,0.1920249,1
0.1874348,0.1921225,1
0.223319,0.2353136,1
0.2575131,0.3232323,1
0.3618584,0.3829003,1
0.3864651,0.3873563,1
0.3830993,0.3792991,1
0.3810584,0.3676948,1
0.3453993,0.3636998,1
0.3949461,0.3860136,1
0.4318193,0.4387201,1
0.4457412,0.4391311,1
0.4153291,0.3783962,1
0.3252484,0.2695994,1
0.2447137,0.2310805,1
0.232398,0.2427414,1
0.2478589,0.2577671,1
0.2752135,0.2870974,1
0.2672304,0.2623817,1
0.2578022,0.2465903,1
0.2372364,0.2177976,1
0.1950372,0.1767469,1
0.1639274,0.1661929,1
0.1587505,0.1479134,1
0.1569267,0.1701532,1
0.1956062,0.2053942,1
0.2029195,0.1763511,1
0.1391178,0.1072778,1
0.1010525,0.1021803,1
0.09648187,0.09203015,1
0.09982269,0.1097854,1
0.1102256,0.1068446,1
0.1065782,0.1086548,1
0.1195057,0.1312052,1
0.1371417,0.1473801,1
0.1296969,0.1138703,1
0.104746,0.09899504,1
0.1024923,0.1066521,1
0.1354422,0.1992366,1
0.2397288,0.2503719,1
0.2520997,0.2560196,1
0.2622351,0.2642201,1
0.2601474,0.2466755,1
0.2383732,0.2366298,1
0.2391224,0.2373229,1
0.2327921,0.2397677,1
0.2428987,0.2244613,1
0.1688443,0.1127772,1
0.07511467,0.08273742,1
0.144512,0.2244992,1
0.266425,0.2819332,1
0.2920637,0.2979755,1
0.2954397,0.2873943,1
0.286092,0.2869622,1
0.2888278,0.2924263,1
0.3015474,0.3235399,1
0.3500086,0.3672037,1
0.3609068,0.3400854,1
0.2915154,0.2598261,1
0.253932,0.2571601,1
0.268086,0.2956295,1
0.3272435,0.3381778,1
0.3389186,0.3389186,1
0.3345079,0.323107,1
0.300023,0.2630556,1
0.1885168,0.1254208,1
0.1092823,0.1146339,1
0.1175769,0.1173814,1
0.1167584,0.1323948,1
0.1839925,0.2960217,1
0.4139292,0.488325,1
0.5248726,0.5487841,1
0.5761423,0.5923656,1
0.6045718,0.6101835,1
0.6109053,0.6080131,1
0.6098233,0.6089904,1
0.6081727,0.6076047,1
0.6067535,0.6053668,1
0.5934632,0.564953,1
0.5251636,0.4872331,1
0.4383444,0.3701711,1
0.2966531,0.2356458,1
0.2070151,0.189765,1
1.151096,1.151096,0
1.151096,1.151096,0
1.151096,1.151096,0
1.151096,0.9129475,0
0.9163507,0.9182287,0
0.9197437,0.9216375,0
0.9170368,0.8789517,0
0.6989424,0.6036951,0
0.5725414,0.5824587,0
0.5946047,0.6022691,0
0.601828,0.598472,0
0.5980873,0.5923729,0
0.5927475,0.5940038,0
0.6020795,0.6024019,0
0.6020463,0.5872423,0
0.548697,0.4825374,0
0.4303146,0.4071881,0
0.3973852,0.3923936,0
0.3914295,0.3895968,0
0.3895968,0.3895968,0
0.3877488,0.381854,0
0.381854,0.381854,0
0.381854,0.381854,0
0.381854,0.381854,0
0.381854,0.381854,0
0.381854,0.381854,0
0.381854,0.381854,0
0.381854,0.381854,0
0.381854,0.381854,0
0.2749757,0.4231184,0
0.552997,0.7898471,0
0.8582494,0.8772331,0
0.8824947,0.8836933,0
0.8865083,0.8903054,0
0.8974035,0.9091828,0
0.9169546,0.923102,0
0.933691,0.9544778,0
0.9553344,0.9548984,0
0.9295796,0.8747366,0
0.8007087,0.7718255,0
0.7578956,0.743841,0
0.7243621,0.6947013,0
0.6748245,0.642149,0
0.5849196,0.5228194,0
0.4497665,0.4889859,0
0.494913,0.4944319,0
0.4936877,0.4902425,0
0.4672277,0.4441911,0
0.4203986,0.4162175,0
0.4216199,0.4210398,0
0.421342,0.4186598,0
0.4306354,0.4354275,0
0.4337038,0.4314858,0
0.4077909,0.3725308,0
0.3583424,0.3655123,0
0.3792425,0.3849283,0
0.3861767,0.3714381,0
0.3544784,0.3562863,0
0.3604222,0.3726555,0
0.3999586,0.416292,0
0.4198512,0.4078837,0
0.4149806,0.4278654,0
0.451198,0.4908996,0
0.5216368,0.523097,0
0.5135093,0.5040119,0
0.5045176,0.5195251,0
0.5319486,0.5362259,0
0.5399277,0.5485674,0
0.5608165,0.591957,0
0.6160671,0.6165645,0
0.6159225,0.603257,0
0.5749093,0.5535068,0
0.5442461,0.5439614,0
0.5439614,0.5399372,0
0.5306445,0.5274154,0
0.5266945,0.5157765,0
0.4985724,0.454094,0
0.3622667,0.2811375,0
0.2439141,0.2282308,0
0.2401385,0.2482472,0
0.2351576,0.2544322,0
0.2849518,0.3223566,0
0.369349,0.3999789,0
0.4155993,0.4283143,0
0.4612656,0.4844346,0
0.4965145,0.5170019,0
0.5545105,0.5807143,0
0.5866774,0.5840662,0
0.576699,0.569957,0
0.5669487,0.5693748,0
0.5645798,0.5445011,0
0.5036272,0.4538673,0
0.4043697,0.3576292,0
0.3457403,0.3822877,0
0.4366694,0.4499467,0
0.4432806,0.4411381,0
0.4449759,0.4457093,0
0.4464822,0.4423804,0
0.4329666,0.4202288,0
0.4196904,0.4227054,0
0.4387653,0.4765567,0
0.5020316,0.5098413,0
0.4985843,0.5120176,0
0.4952649,0.4683956,0
0.4401283,0.4142855,0
0.4227051,0.4369142,0
0.4534959,0.4701191,0
0.5003797,0.5461565,0
0.5688015,0.560181,0
0.5389225,0.5169795,0
0.5091948,0.5015466,0
0.5038375,0.5035243,0
0.5014076,0.5051134,0
0.506695,0.4864017,0
0.4677578,0.4532919,0
0.4402625,0.4297893,0
0.408531,0.3934757,0
0.377567,0.358909,0
0.3463089,0.3406695,0
0.3453577,0.346259,0
0.3472755,0.338379,0
0.3273593,0.3177665,0
0.306121,0.2758001,0
0.2707403,0.2639804,0
0.272631,0.2852171,0
0.2977119,0.3379833,0
0.3827729,0.4324081,0
0.491249,0.5262463,0
0.5270555,0.5371978,0
0.5474809,0.5481423,0
0.5484942,0.5640294,0
0.5867233,0.5962564,0
0.594807,0.5977249,0
0.6104192,0.6198088,0
0.6219459,0.6228864,0
0.6077101,0.5928696,0
0.5834668,0.5811146,0
0.5633788,0.5554954,0
0.5529184,0.5580369,0
0.5634432,0.5560235,0
0.5538313,0.5532046,0
0.5552055,0.5653071,0
0.5713502,0.5790973,0
0.5881181,0.6277532,0
0.6752172,0.7069852,0
0.4548824,0.4548824,1
0.4548824,0.4548824,1
0.4548824,0.437153,1
0.3230202,0.1051077,1
0.1980372,0.2392098,1
0.2435022,0.2477017,1
0.2531464,0.2604856,1
0.280463,0.3423586,1
0.3771899,0.3928181,1
0.4068539,0.4197607,1
0.4300396,0.4348283,1
0.4479258,0.4564757,1
0.4514749,0.4189596,1
0.3957307,0.3938849,1
0.3938849,0.3925345,1
0.3826463,0.3644688,1
0.348547,0.1754586,1
0.1556601,0.1058687,1
0.1146432,0.1184019,1
0.1113258,0.0932891,1
0.08368081,0.09369829,1
0.1043869,0.1166385,1
0.1242659,0.1207181,1
0.1296737,0.1340818,1
0.1345365,0.123127,1
0.1489716,0.1780296,1
0.2093767,0.2290129,1
0.2290328,0.2239102,1
0.2162452,0.2073027,1
0.2033418,0.205438,1
0.2233114,0.2379084,1
0.2438987,0.2539962,1
0.2724038,0.2919554,1
0.2728313,0.2402584,1
0.2051218,0.2030413,1
0.2372777,0.2734132,1
0.2889057,0.2912887,1
0.2974472,0.3054782,1
0.3087127,0.3290843,1
0.3542084,0.3876404,1
0.3935113,0.3677432,1
0.3231024,0.2734621,1
0.2264442,0.2062956,1
0.2022259,0.2110879,1
0.1854586,0.1342219,1
0.07828698,0.09276557,1
0.05262223,0.06289233,1
0.07811839,0.07329303,1
0.05849452,0.05618093,1
0.06306706,0.07109166,1
0.05894172,0.07777327,1
0.115526,0.1405104,1
0.1543791,0.1708124,1
0.1694569,0.1599057,1
0.1610144,0.1672707,1
0.1751146,0.1737303,1
0.1762136,0.1807027,1
0.1879645,0.187526,1
0.18176,0.1899714,1
0.1957414,0.1965522,1
0.1908537,0.1976423,1
0.2113185,0.2057856,1
0.1900728,0.1763066,1
0.1666712,0.1749002,1
0.1773457,0.1758485,1
0.1690357,0.150088,1
0.1377373,0.1311437,1
0.1201294,0.1120438,1
0.0991952,0.09377061,1
0.1070574,0.1389271,1
0.1779707,0.2005324,1
0.209444,0.2178498,1
0.2166943,0.2090223,1
0.2186215,0.23356,1
0.232172,0.2190496,1
0.2166622,0.2315125,1
0.2404874,0.2490231,1
0.2549807,0.2586868,1
0.2707348,0.2479609,1
0.2338425,0.2336751,1
0.2337587,0.2400953,1
0.2593073,0.2694707,1
0.3153696,0.4456346,1
0.5327166,0.5663684,1
0.5670792,0.569347,1
0.5675359,0.5649856,1
0.5405346,0.5193286,1
0.5250703,0.5258693,1
0.52583,0.5300374,1
0.533244,0.5360004,1
0.5457441,0.5472443,1
0.5405737,0.4876526,1
0.3829088,0.2892252,1
0.2760868,0.2617611,1
0.2404729,0.2231872,1
0.2112402,0.2056482,1
0.2071532,0.1947436,1
0.1873687,0.1778783,1
0.1519406,0.1160325,1
0.09974097,0.1004314,1
0.1263062,0.1256439,1
0.1445564,0.1541816,1
0.1603921,0.1637332,1
0.1673832,0.1845173,1
0.2070517,0.2110825,1
0.2062031,0.2035499,1
0.2055555,0.2055555,1
0.2056479,0.2046987,1
0.1951151,0.1659064,1
0.1246831,0.106293,1
0.09054865,0.09177112,1
0.1418606,0.2148812,1
0.2867826,0.3191429,1
0.3394286,0.3622121,1
0.3785948,0.3908177,1
0.3999344,0.4022481,1
0.4022481,0.4015123,1
0.3996192,0.3947778,1
0.3879879,0.3819373,1
0.3765699,0.3705132,1
0.3413227,0.2987132,1
0.2481822,0.2002241,1
0.1519335,0.1262626,1
0.1106807,0.1314115,1
0.1932283,0.2582498,1
0.2877523,0.2916585,1
0.2828202,0.2648254,1
0.2692785,0.3616745,1
0.508669,0.6469646,1
0.7484797,0.8029349,1
0.817171,0.8183546,1
0.8185688,0.8188341,1
0.8186949,0.8142238,1
0.8142498,0.8138433,1
0.8129724,0.8115989,1
0.8112972,0.8112972,1
0.8063136,0.7785907,1
0.7166592,0.6035333,1
0.4496068,0.2832534,1
0.177608,0.1184798,1
0.09144314,0.08013169,1
0.05636433,0.04027728,1
0.03036252,0.02814883,1
0.03112234,0.03492694,1
0.03874104,0.04209052,1
0.04364816,0.04312584,1
0.04520298,0.03432545,1
0.02495615,0.01639788,1
-0.008310855,-0.01744791,1
0.001046424,0.03105047,1
0.05402198,0.05986832,1
0.04441032,0.01981261,1
0.001598926,0.00520907,1
0.01150236,0.01720358,1
0.02003933,0.02502257,1
0.02482297,0.02533297,1
0.0245212,0.01668824,1
0.009518013,0.01252009,1
0.003417587,-0.02578406,1
-0.06842525,-0.0836201,1
-0.06157083,-0.04921295,1
-0.05774352,-0.06236753,1
-0.0429708,-0.02047802,1
0.0133649,0.02719457,1
0.02942955,0.03253364,1
0.03693525,0.04764792,1
0.05076717,0.05174366,1
0.05566036,0.06720749,1
0.09042245,0.09424752,1
0.09527782,0.1009544,1
0.1017925,0.09796299,1
0.09133885,0.104221,1
0.1191858,0.1243845,1
0.1416581,0.1716096,1
0.186618,0.2278156,1
0.3329633,0.4778814,1
0.6419214,0.7800449,1
0.8809177,0.9412898,1
0.9718909,0.9786807,1
0.9839199,0.9897001,1
0.9913464,0.9915912,1
0.9915912,0.9915912,1
0.9915912,0.9915912,1
0.9915912,0.9901707,1
0.9761733,0.9449273,1
0.8890803,0.8184322,1
0.7233551,0.602098,1
0.4530043,0.4146333,1
0.5350909,0.6657039,1
0.7321132,0.7508091,1
0.7587332,0.7628382,1
0.7634825,0.7654124,1
0.7681472,0.7696489,1
0.7711434,0.7711434,1
0.7711434,0.7711434,1
0.7711434,0.770583,1
0.7621789,0.7396379,1
0.699055,0.6716126,1
0.641323,0.6253568,1
0.5900751,0.5660662,1
0.541531,0.5223913,1
0.5120713,0.5195108,1
0.5369204,0.5447795,1
0.5449042,0.5289207,1
0.5129625,0.484627,1
0.4540858,0.4418389,1
0.4361579,0.4544292,1
0.5517323,0.6470866,1
0.6997275,0.7182155,1
0.7197064,0.7167088,1
0.7094298,0.6990861,1
0.6941404,0.6975235,1
0.7007348,0.7031974,1
0.1223635,0.1223635,0
0.1223635,0.1223635,0
0.1223635,0.1223635,0
0.1223635,0.1223635,0
0.1223635,0.1223635,0
0.1223635,0.3929405,0
0.3929405,0.6265926,0
0.6391192,0.6450702,0
0.6457894,0.6457894,0
0.6460994,0.5460127,0
0.5797072,0.6489422,0
0.7148561,0.686816,0
0.6535297,0.6411549,0
0.6329939,0.6299675,0
0.6200895,0.6081498,0
0.584095,0.5673211,0
0.5665688,0.5673909,0
0.5671707,0.5753368,0
0.5968704,0.6171256,0
0.6074484,0.5976673,0
0.5754367,0.577981,0
0.5931699,0.6107194,0
0.6199365,0.6308426,0
0.6487514,0.6788766,0
0.7075288,0.7292871,0
0.7341572,0.734364,0
0.734364,0.7332852,0
0.727934,0.7133586,0
0.6910311,0.660895,0
0.6414706,0.6410939,0
0.6518352,0.6665503,0
0.673863,0.668264,0
0.6444312,0.6103455,0
0.5827625,0.5762981,0
0.577137,0.5737262,0
0.5673135,0.5546747,0
0.5429323,0.5248641,0
0.4877818,0.4474231,0
0.3979963,0.3793911,0
0.3887921,0.395035,0
0.4143243,0.4430335,0
0.4585073,0.4571269,0
0.4311107,0.3995347,0
0.3891164,0.3881365,0
0.4265068,0.4405323,0
0.4374945,0.4449985,0
0.467287,0.4988739,0
0.5534601,0.6250333,0
0.661685,0.6777505,0
0.6787682,0.6788151,0
0.6753355,0.6806852,0
0.6963832,0.7013543,0
0.6890796,0.6691021,0
0.6520294,0.635798,0
0.6176001,0.6163859,0
0.6188858,0.6051279,0
0.5916765,0.5733317,0
0.5538783,0.5486181,0
0.5477558,0.5506174,0
0.5483618,0.5375894,0
0.5183736,0.4987171,0
0.4753329,0.4464746,0
0.4286119,0.4133083,0
0.3954535,0.3845501,0
0.3844475,0.4017476,0
0.4258312,0.4417,0
0.4334536,0.4155786,0
0.4059075,0.3897189,0
0.3752873,0.3709134,0
0.3718128,0.3700219,0
0.367281,0.4048982,0
0.4773252,0.5469297,0
0.6027148,0.6682179,0
0.7167069,0.7406232,0
0.7673455,0.7895518,0
0.825374,0.8695886,0
0.9064557,0.9220027,0
0.9315342,0.9348351,0
0.9352205,0.9374944,0
0.9368048,0.9272341,0
0.9201791,0.9134288,0
0.9015408,0.8893132,0
0.8644674,0.8143626,0
0.7356365,0.6822914,0
0.6243858,0.5567479,0
0.5110014,0.4772483,0
0.4444748,0.4325204,0
0.4343414,0.4388444,0
0.4508396,0.4678348,0
0.4721813,0.4764239,0
0.5047898,0.5358459,0
0.5632951,0.5646164,0
0.5347094,0.5130677,0
0.5283775,0.542287,0
0.5520584,0.5553029,0
0.5592603,0.5625659,0
0.569527,0.5697053,0
0.5708931,0.5709049,0
0.5676023,0.5572732,0
0.5413271,0.5303023,0
0.5195817,0.5140426,0
0.5011272,0.4657577,0
0.4458219,0.4335919,0
0.4331257,0.4665079,0
0.4874002,0.4932076,0
0.4916802,0.4929688,0
0.4928054,0.5053219,0
0.5113234,0.5148922,0
0.5183201,0.5131407,0
0.498266,0.4734241,0
0.4534221,0.4454909,0
0.4584381,0.4778468,0
0.4878679,0.4902522,0
0.4927281,0.4973656,0
0.4945297,0.4807782,0
0.4671464,0.4647847,0
0.4697513,0.4729275,0
0.4612957,0.4501371,0
0.4511828,0.454065,0
0.4535424,0.442071,0
0.4134018,0.3817528,0
0.3458824,0.3129338,0
0.3098745,0.3114531,0
0.3137425,0.3180975,0
0.3213395,0.2999928,0
0.2634712,0.2242402,0
0.2052192,0.190006,0
0.1809941,0.1717699,0
0.1693467,0.1743844,0
0.1761422,0.1832437,0
0.1859025,0.1789569,0
0.1691626,0.1527971,0
0.1366,0.1396101,0
0.1654064,0.1793812,0
0.1651342,0.1468269,0
0.141491,0.1410908,0
0.1326784,0.1211684,0
0.1679935,0.2655108,0
0.3822003,0.5053179,0
0.5944508,0.6297108,0
0.6401966,0.6477574,0
0.6551816,0.6604256,0
0.66618,0.6698148,0
0.6730188,0.6773889,0
0.6807815,0.6841483,0
0.6874881,0.6959251,0
0.6958681,0.6782381,0
0.6277155,0.5717016,0
0.5440441,0.5175754,0
0.4943333,0.4734222,0
0.455317,0.4383157,0
0.4209934,0.4058774,0
0.3848125,0.378385,0
0.3777711,0.3793162,0
0.3796748,0.3644898,0
0.347931,0.3400054,0
0.3090928,0.2992286,0
0.3070168,0.3279024,0
0.3424698,0.3504386,0
0.3425282,0.3276307,0
0.3291577,0.3314507,0
0.3226427,0.3013125,0
0.2826509,0.2765801,0
0.2752064,0.2750891,0
0.2999755,0.3210628,0
0.326263,0.3096184,0
0.2655767,0.2209174,0
0.2006494,0.1933007,0
0.1781889,0.1615488,0
0.1614029,0.2131426,0
0.2812742,0.3227441,0
0.351804,0.3903274,0
0.4525919,0.5183567,0
0.5720948,0.6308525,0
0.7036902,0.7976086,0
0.8690698,0.8972792,0
0.9002804,0.9008759,0
0.9018677,0.9049351,0
0.9054617,0.8996919,0
0.8889015,0.8831678,0
0.8811747,0.8794869,0
0.875878,0.8689148,0
0.8510776,0.7970448,0
0.709474,0.5838608,0
0.4589013,0.4573242,0
0.4677101,0.4860954,0
0.1051201,0.1051201,1
0.1051201,0.1051201,1
0.1051201,0.1051201,1
0.1051201,0.1051201,1
0.1051201,0.3171843,1
0.5392159,0.5144836,1
0.5247015,0.5288802,1
0.5305994,0.5357588,1
0.5444794,0.5495266,1
0.5497266,0.5497266,1
0.5497266,0.537047,1
0.4748085,0.4113127,1
0.3870209,0.3832989,1
0.3784334,0.3773565,1
0.3680275,0.3387868,1
0.3134591,0.2938251,1
0.2708613,0.2562097,1
0.2512528,0.2447654,1
0.2427858,0.4337609,1
0.4904506,0.5047814,1
0.5871171,0.5888831,1
0.5905161,0.5907305,1
0.5912658,0.5914814,1
0.5911324,0.5948546,1
0.59762,0.5945941,1
0.5809767,0.5650039,1
0.5557047,0.5462008,1
0.4966666,0.4056886,1
0.33317,0.3249999,1
0.3626475,0.376493,1
0.3686433,0.3610179,1
0.3524406,0.3485506,1
0.3461885,0.3706808,1
0.386248,0.4095304,1
0.4124433,0.3612486,1
0.3430762,0.3466517,1
0.3446884,0.3511803,1
0.3617088,0.3415249,1
0.3018642,0.2994558,1
0.2994558,0.2979264,1
0.2932537,0.2933138,1
0.281762,0.2544812,1
0.2394109,0.2257988,1
0.1644892,0.1738009,1
0.1754527,0.1543771,1
0.1069101,0.0733649,1
0.0736488,0.1847986,1
0.3880042,0.5686318,1
0.7053832,0.7961211,1
0.8592448,0.8807368,1
0.8827908,0.8827908,1
0.8827908,0.8827908,1
0.8827908,0.8827908,1
0.8819914,0.8818949,1
0.8818949,0.8818949,1
0.8829616,0.881631,1
0.8395717,0.7357111,1
0.5384999,0.2642939,1
0.1562969,0.1431691,1
0.1458324,0.1633288,1
0.1791455,0.1949178,1
0.2110278,0.2165937,1
0.2171812,0.2198459,1
0.2220564,0.2145729,1
0.1976065,0.1736392,1
0.1467063,0.1454206,1
0.1559979,0.1520979,1
0.1503106,0.1402608,1
0.133914,0.1227425,1
0.1068274,0.1080023,1
0.1090815,0.1270953,1
0.1630682,0.2233982,1
0.2764435,0.2999376,1
0.2961594,0.2911094,1
0.2749067,0.2514121,1
0.2521672,0.3088194,1
0.4004643,0.4495599,1
0.4628435,0.4703358,1
0.4725286,0.4678486,1
0.4592409,0.4423819,1
0.39901,0.3424653,1
0.3157889,0.3315645,1
0.3525888,0.3744259,1
0.3864299,0.3952735,1
0.3985415,0.3665459,1
0.3014336,0.2380718,1
0.2476877,0.2558782,1
0.3044119,0.3646907,1
0.4093524,0.4232344,1
0.4292581,0.4719784,1
0.5149665,0.5294843,1
0.5602089,0.5681576,1
0.5704936,0.5731192,1
0.5737472,0.5588654,1
0.5781968,0.607944,1
0.6291665,0.6315325,1
0.5189283,0.5178236,1
0.5163563,0.5154251,1
0.5119571,0.4366756,1
0.3379015,0.2619311,1
0.2423576,0.271142,1
0.3067532,0.3201967,1
0.3325025,0.3194754,1
0.3024897,0.2819464,1
0.2606609,0.2600887,1
0.2922267,0.3436107,1
0.382563,0.412247,1
0.4322688,0.4349546,1
0.4888805,0.5018594,1
0.4957141,0.4806494,1
0.4833463,0.4974995,1
0.516309,0.5291094,1
0.5249364,0.5240197,1
0.520206,0.5114126,1
0.5044037,0.5006974,1
0.4938975,0.4863062,1
0.5399414,0.6008286,1
0.6225663,0.641261,1
0.6584245,0.6814433,1
0.7230065,0.7709619,1
0.7982013,0.8016185,1
0.8043706,0.8053589,1
0.8071274,0.8086936,1
0.8107419,0.8112335,1
0.8006868,0.7630543,1
0.7301098,0.7121999,1
0.7171006,0.7226866,1
0.7326243,0.7562037,1
0.7665586,0.7952011,1
0.8207701,0.822494,1
0.8243865,0.8253696,1
