100,636231105045162067
100,636231105045327175
100,636231105045497304
100,636231105045662643
100,636231105045827528
100,636231105045997648
100,636231105046162782
100,636231105046327907
100,636231105046498001
100,636231105046663139
100,636231105046833242
100,636231105046998546
100,636231105047163479
100,636231105047333594
100,636231105047498719
100,636231105047664033
100,636231105047834152
100,636231105047999064
100,636231105048169184
100,636231105048334484
100,636231105048499429
100,636231105048669532
100,636231105048834649
100,636231105048999765
100,636231105049169893
100,636231105049335014
100,636231105049505138
100,636231105049670426
100,636231105049835564
100,636231105050005474
100,636231105050170595
100,636231105050335711
100,636231105050505831
100,636231105050670960
100,636231105050841068
100,636231105051006197
100,636231105051171480
100,636231105051341420
100,636231105051506734
100,636231105051671662
100,636231105051841773
100,636231105052006902
100,636231105052177010
100,636231105052342310
100,636231105052507431
100,636231105052677521
100,636231105052842492
100,636231105053007608
100,636231105053177895
100,636231105053342849
100,636231105053512960
100,636231105053678072
100,636231105053843364
100,636231105054013300
100,636231105054178425
100,636231105054343721
100,636231105054513837
100,636231105054678774
100,636231105054848894
100,636231105055014014
100,636231105055179131
100,636231105055349430
100,636231105055514376
100,636231105055679484
100,636231105055849608
100,636231105056014716
100,636231105056184836
100,636231105056350157
100,636231105056515069
100,636231105056685188
100,636231105056850301
100,636231105057020425
100,636231105057185537
100,636231105057350842
100,636231105057520773
100,636231105057685894
100,636231105057856018
100,636231105058021156
100,636231105058186439
100,636231105058356367
100,636231105058521483
100,636231105058686805
100,636231105058856732
100,636231105059021836
100,636231105059186953
100,636231105059357252
100,636231105059522193
100,636231105059692309
100,636231105059857434
100,636231105060022559
100,636231105060192717
100,636231105060357799
100,636231105060527902
100,636231105060693032
100,636231105060858127
100,636231105061028251
100,636231105061193367
100,636231105061358663
100,636231105061528599
100,636231105061693900
100,636231105061859029
100,636231105062028961
100,636231105062194261
100,636231105062364193
100,636231105062529527
100,636231105062694421
100,636231105062864546
100,636231105063029679
100,636231105063194975
100,636231105063364911
100,636231105063530195
100,636231105063700131
100,636231105063865251
100,636231105064030393
100,636231105064200488
100,636231105064365809
100,636231105064535724
100,636231105064701024
100,636231105064866149
100,636231105065036090
100,636231105065201189
100,636231105065366494
100,636231105065536443
100,636231105065701730
100,636231105065866663
100,636231105066036966
100,636231105066202091
100,636231105066372019
100,636231105066537148
100,636231105066702466
100,636231105066872389
100,636231105067037505
100,636231105067207608
100,636231105067372720
100,636231105067537837
100,636231105067707961
100,636231105067873073
100,636231105068038215
100,636231105068208314
100,636231105068373443
100,636231105068543554
100,636231105068708667
100,636231105068873783
100,636231105069043903
100,636231105069209041
100,636231105069374315
100,636231105069544251
100,636231105069709556
100,636231105069879492
100,636231105070044609
100,636231105070209742
100,636231105070379845
100,636231105070544970
100,636231105070710082
100,636231105070880382
100,636231105071045323
100,636231105071215447
100,636231105071380555
100,636231105071545847
100,636231105071715787
100,636231105071880903
100,636231105072046033
100,636231105072216328
100,636231105072381256
100,636231105072551380
100,636231105072716501
100,636231105072881793
100,636231105073051729
100,636231105073217051
100,636231105073381975
100,636231105073552261
100,636231105073717198
100,636231105073887331
100,636231105074052618
100,636231105074217551
100,636231105074387688
100,636231105074552967
100,636231105074717900
100,636231105074888203
100,636231105075053149
100,636231105075223260
100,636231105075388398
100,636231105075553677
100,636231105075723797
100,636231105075888747
100,636231105076058854
100,636231105076223966
100,636231105076389099
100,636231105076559202
100,636231105076724336
100,636231105076889444
100,636231105077059555
100,636231105077224693
100,636231105077394791
100,636231105077559908
100,636231105077725212
100,636231105077895140
100,636231105078060440
100,636231105078225557
100,636231105078395514
100,636231105078560626
100,636231105078730733
100,636231105078895863
100,636231105079060966
100,636231105079231090
100,636231105079396382
100,636231105079561541
100,636231105079731644
100,636231105079896573
100,636231105080066675
100,636231105080231792
100,636231105080396913
100,636231105080567028
100,636231105080732157
100,636231105080897265
100,636231105081067565
100,636231105081232497
100,636231105081402635
100,636231105081567730
100,636231105081733056
100,636231105081902966
100,636231105082068279
100,636231105082233391
100,636231105082403340
100,636231105082568623
100,636231105082738572
100,636231105082903877
100,636231105083068792
100,636231105083238912
100,636231105083404024
100,636231105083569158
100,636231105083739312
100,636231105083904565
100,636231105084074501
100,636231105084239622
100,636231105084404747
100,636231105084574859
100,636231105084740150
100,636231105084905267
100,636231105085075216
100,636231105085240323
100,636231105085410443
100,636231105085575564
100,636231105085740830
100,636231105085910822
100,636231105086075930
100,636231105086246033
100,636231105086411170
100,636231105086576283
100,636231105086746385
100,636231105086911519
100,636231105087076798
100,636231105087246832
100,636231105087411876
100,636231105087576975
100,636231105087747104
100,636231105087912229
100,636231105088082327
100,636231105088247461
100,636231105088412560
100,636231105088582680
100,636231105088747792
100,636231105088912926
100,636231105089083046
100,636231105089248342
100,636231105089418274
100,636231105089583399
100,636231105089748498
100,636231105089918627
100,636231105090083752
100,636231105090253859
100,636231105090418975
100,636231105090584096
100,636231105090754211
100,636231105090919341
100,636231105091084444
100,636231105091254748
100,636231105091419681
100,636231105091589801
100,636231105091754921
100,636231105091920055
100,636231105092090149
100,636231105092255287
100,636231105092420382
100,636231105092590519
100,636231105092755683
100,636231105092925743
100,636231105093090859
100,636231105093255984
100,636231105093426096
100,636231105093591225
100,636231105093756341
100,636231105093926632
100,636231105094091744
100,636231105094261689
100,636231105094426989
100,636231105094592101
100,636231105094762033
100,636231105094927338
100,636231105095092459
100,636231105095262403
100,636231105095427507
100,636231105095597627
100,636231105095762760
100,636231105095928039
100,636231105096097975
100,636231105096263280
100,636231105096428221
100,636231105096598512
100,636231105096763637
100,636231105096933564
100,636231105097098698
100,636231105097263797
100,636231105097433926
100,636231105097599034
100,636231105097764172
100,636231105097934467
100,636231105098099391
100,636231105098269515
100,636231105098434811
100,636231105098599744
100,636231105098770005
100,636231105098934980
100,636231105099100280
100,636231105099270246
100,636231105099435517
100,636231105099605453
100,636231105099770569
100,636231105099935703
100,636231105100105823
100,636231105100271102
100,636231105100436038
100,636231105100606342
100,636231105100771275
100,636231105100941395
100,636231105101106528
100,636231105101271623
100,636231105101441752
100,636231105101607044
100,636231105101776984
100,636231105101942100
100,636231105102107217
100,636231105102277337
100,636231105102442457
100,636231105102607758
100,636231105102777690
100,636231105102942806
100,636231105103112926
100,636231105103278038
100,636231105103443343
100,636231105103613279
100,636231105103778399
100,636231105103943696
100,636231105104113649
100,636231105104278748
100,636231105104448872
100,636231105104613997
100,636231105104779101
100,636231105104949285
100,636231105105114354
100,636231105105279454
100,636231105105449770
100,636231105105614874
100,636231105105784810
100,636231105105949926
100,636231105106115235
100,636231105106285159
100,636231105106450279
100,636231105106615396
100,636231105106785524
100,636231105106950833
100,636231105107120756
100,636231105107285881
100,636231105107450981
100,636231105107621207
100,636231105107786217
100,636231105107951526
100,636231105108121479
100,636231105108286574
100,636231105108456694
100,636231105108621999
100,636231105108787111
100,636231105108957201
100,636231105109122347
100,636231105109287494
100,636231105109457400
100,636231105109622516
100,636231105109792636
100,636231105109957936
100,636231105110122873
100,636231105110293002
100,636231105110458118
100,636231105110623230
100,636231105110793530
100,636231105110958642
100,636231105111128578
100,636231105111293891
100,636231105111458995
100,636231105111628944
100,636231105111794043
100,636231105111964167
100,636231105112129296
100,636231105112294417
100,636231105112464520
100,636231105112629636
100,636231105112794766
100,636231105112964886
100,636231105113130083
100,636231105113300114
100,636231105113465410
100,636231105113630346
100,636231105113800462
100,636231105113965600
100,636231105114130699
100,636231105114300999
100,636231105114466115
100,636231105114636051
100,636231105114801176
100,636231105114966468
100,636231105115136404
100,636231105115301739
100,636231105115466658
100,636231105115636761
100,636231105115802074
100,636231105115971993
100,636231105116137110
100,636231105116302410
98,636231105116472346
98,636231105116637462
98,636231105116802771
98,636231105116972703
98,636231105117137832
98,636231105117307940
98,636231105117473069
98,636231105117638181
98,636231105117808284
98,636231105117973405
98,636231105118138534
98,636231105118308825
98,636231105118473774
98,636231105118643877
98,636231105118809002
98,636231105118974294
98,636231105119144226
98,636231105119309347
98,636231105119474467
98,636231105119644767
98,636231105119809712
98,636231105119979819
98,636231105120145128
98,636231105120310056
98,636231105120480181
98,636231105120645472
98,636231105120810418
98,636231105120980533
98,636231105121145646
98,636231105121315761
98,636231105121480882
98,636231105121646208
98,636231105121816114
98,636231105121981252
98,636231105122146539
98,636231105122316467
98,636231105122481600
98,636231105122649112
98,636231105122814412
98,636231105122984348
98,636231105123149465
98,636231105123319585
98,636231105123484701
98,636231105123654825
98,636231105123819946
96,636231105123985058
96,636231105124155174
96,636231105124320307
96,636231105124485407
96,636231105124655527
96,636231105124820827
96,636231105124985952
96,636231105125156067
96,636231105125320996
96,636231105125491120
96,636231105125656232
96,636231105125821353
96,636231105125991469
96,636231105126156773
96,636231105126321714
96,636231105126491834
96,636231105126656955
96,636231105126827058
96,636231105126992358
96,636231105127157303
96,636231105127327411
96,636231105127492536
96,636231105127657665
96,636231105127827977
96,636231105127993102
96,636231105128163017
96,636231105128328296
96,636231105128493237
96,636231105128663370
96,636231105128828478
96,636231105128993598
96,636231105129163889
96,636231105129328839
96,636231105129498942
96,636231105129664058
96,636231105129829388
96,636231105129999359
96,636231105130164437
96,636231105130329720
96,636231105130499664
96,636231105130664943
96,636231105130834884
96,636231105131000000
96,636231105131165305
94,636231105131335232
94,636231105131500374
94,636231105131665495
94,636231105131835773
94,636231105132000885
94,636231105132170826
94,636231105132335964
94,636231105132501071
94,636231105132671324
94,636231105132836475
94,636231105133001591
94,636231105133171544
94,636231105133336832
94,636231105133506768
94,636231105133672068
94,636231105133837035
94,636231105134007121
94,636231105134172241
94,636231105134337353
94,636231105134507491
94,636231105134672774
94,636231105134842710
94,636231105135007843
94,636231105135172943
94,636231105135343255
94,636231105135508192
94,636231105135673304
94,636231105135843428
94,636231105136008536
94,636231105136178648
94,636231105136353797
94,636231105136509073
94,636231105136679017
94,636231105136844305
94,636231105137014241
94,636231105137179353
94,636231105137344487
94,636231105137514778
94,636231105137679732
94,636231105137844831
94,636231105138014951
94,636231105138180067
94,636231105138350183
94,636231105138515505
94,636231105138680416
94,636231105138850574
94,636231105139015665
94,636231105139180769
94,636231105139351073
94,636231105139516193
94,636231105139686138
94,636231105139851425
94,636231105140016366
94,636231105140186478
94,636231105140351804
94,636231105140516912
94,636231105140687015
94,636231105140852135
94,636231105141022067
94,636231105141187183
94,636231105141352488
94,636231105141522527
94,636231105141687549
94,636231105141852674
94,636231105142022957
94,636231105142187889
94,636231105142358009
94,636231105142523331
94,636231105142688473
94,636231105142858362
94,636231105143023594
94,636231105143188599
94,636231105143358907
94,636231105143523831
94,636231105143693951
94,636231105143859067
94,636231105144024368
94,636231105144194304
94,636231105144359437
94,636231105144529540
94,636231105144694674
94,636231105144859957
94,636231105145029889
94,636231105145195009
94,636231105145360310
94,636231105145530267
94,636231105145695375
94,636231105145865482
94,636231105146030603
94,636231105146195715
94,636231105146365835
94,636231105146531131
94,636231105146696273
94,636231105146866406
94,636231105147031492
94,636231105147196438
94,636231105147366558
94,636231105147531845
94,636231105147701807
94,636231105147866898
94,636231105148032190
94,636231105148202151
94,636231105148367263
94,636231105148537366
94,636231105148702500
94,636231105148867804
94,636231105149037719
94,636231105149202836
94,636231105149367969
94,636231105149538260
94,636231105149703193
94,636231105149873308
94,636231105150038609
94,636231105150203545
94,636231105150373657
94,636231105150538803
94,636231105150703924
94,636231105150874078
94,636231105151039336
94,636231105151209250
94,636231105151374551
94,636231105151539667
94,636231105151709599
94,636231105151874724
94,636231105152040020
94,636231105152209973
94,636231105152375068
94,636231105152545192
94,636231105152710330
94,636231105152875434
94,636231105153045541
94,636231105153210880
94,636231105153375988
94,636231105153545898
94,636231105153711010
94,636231105153881143
94,636231105154046264
94,636231105154211564
94,636231105154381487
94,636231105154546787
94,636231105154711733
94,636231105154881844
94,636231105155047136
94,636231105155217081
94,636231105155382193
94,636231105155547523
94,636231105155717429
94,636231105155882734
94,636231105156047846
94,636231105156217966
94,636231105156382898
94,636231105156553018
94,636231105156718152
94,636231105156883247
94,636231105157053375
94,636231105157218488
94,636231105157383818
94,636231105157553929
94,636231105157718934
94,636231105157888956
94,636231105158054081
94,636231105158219381
94,636231105158389313
94,636231105158554430
94,636231105158724550
94,636231105158889854
94,636231105159054795
94,636231105159224975
94,636231105159390207
94,636231105159555152
94,636231105159725281
94,636231105159890581
94,636231105160060504
94,636231105160225826
94,636231105160390724
94,636231105160560844
94,636231105160725974
94,636231105160891261
94,636231105161061390
94,636231105161226502
94,636231105161396434
94,636231105161561730
94,636231105161726684
94,636231105161896782
94,636231105162061903
94,636231105162227203
94,636231105162397156
94,636231105162562273
94,636231105162732376
94,636231105162897505
94,636231105163062626
94,636231105163232724
94,636231105163397866
94,636231105163563145
94,636231105163733098
94,636231105163898210
94,636231105164068330
94,636231105164233618
94,636231105164398563
94,636231105164568683
94,636231105164733804
94,636231105164898903
94,636231105165069207
94,636231105165234157
94,636231105165404260
94,636231105165569380
94,636231105165734681
94,636231105165904608
94,636231105166069908
94,636231105166235029
94,636231105166404978
94,636231105166570086
92,636231105166740206
92,636231105166905331
92,636231105167070623
92,636231105167240550
92,636231105167405675
92,636231105167570796
92,636231105167741087
92,636231105167906024
92,636231105168076144
92,636231105168241281
92,636231105168406381
92,636231105168576501
92,636231105168741792
92,636231105168906913
92,636231105169076866
92,636231105169241983
92,636231105169412086
92,636231105169577206
92,636231105169742331
92,636231105169912618
92,636231105170077568
92,636231105170242693
92,636231105170412808
92,636231105170577921
92,636231105170748023
92,636231105170913161
92,636231105171078273
92,636231105171248564
92,636231105171413685
92,636231105171583617
92,636231105171748738
92,636231105171913858
92,636231105172083970
92,636231105172249296
92,636231105172414215
92,636231105172584515
92,636231105172749619
92,636231105172919559
92,636231105173084675
92,636231105173249971
92,636231105173419916
92,636231105173585221
92,636231105173750157
92,636231105173920269
92,636231105174085394
92,636231105174255509
92,636231105174420801
92,636231105174585918
92,636231105174755849
92,636231105174921158
92,636231105175086275
92,636231105175256390
92,636231105175421340
92,636231105175591443
92,636231105175756747
92,636231105175921676
92,636231105176091796
92,636231105176257105
92,636231105176422046
92,636231105176592328
92,636231105176757261
92,636231105176927385
92,636231105177092689
92,636231105177257618
92,636231105177427827
92,636231105177592871
92,636231105177757988
92,636231105177928091
92,636231105178093211
92,636231105178263340
92,636231105178428661
92,636231105178593748
92,636231105178763821
92,636231105178928818
92,636231105179093998
92,636231105179264050
92,636231105179429333
92,636231105179599269
92,636231105179764385
92,636231105179929694
92,636231105180099635
92,636231105180264742
92,636231105180429876
92,636231105180600188
92,636231105180765095
92,636231105180935211
92,636231105181100507
92,636231105181265461
92,636231105181435568
92,636231105181600680
92,636231105181770800
92,636231105181935921
92,636231105182101225
92,636231105182271153
92,636231105182436282
92,636231105182601386
92,636231105182771501
92,636231105182936806
92,636231105183106742
92,636231105183272042
92,636231105183436992
92,636231105183607116
92,636231105183772224
92,636231105183937512
92,636231105184107448
92,636231105184272586
92,636231105184442688
92,636231105184607801
92,636231105184773105
92,636231105184943122
92,636231105185108342
92,636231105185273270
92,636231105185443394
92,636231105185608690
92,636231105185778626
92,636231105185943926
92,636231105186109043
92,636231105186278975
92,636231105186444104
92,636231105186609216
92,636231105186779332
92,636231105186944452
92,636231105187114568
92,636231105187279685
92,636231105187444805
92,636231105187614921
92,636231105187780042
92,636231105187945342
92,636231105188115458
92,636231105188280394
92,636231105188450523
92,636231105188615627
92,636231105188780760
92,636231105188950859
92,636231105189116198
92,636231105189286099
92,636231105189451220
92,636231105189616512
92,636231105189786452
92,636231105189951761
92,636231105190116869
92,636231105190286805
92,636231105190452101
92,636231105190617034
92,636231105190787154
92,636231105190952458
92,636231105191122394
92,636231105191287506
92,636231105191452644
92,636231105191622931
92,636231105191787863
92,636231105191957983
92,636231105192123284
92,636231105192288212
92,636231105192458336
92,636231105192623645
92,636231105192788757
92,636231105192958702
92,636231105193123818
92,636231105193293925
92,636231105193459230
92,636231105193624171
92,636231105193794432
92,636231105193959407
92,636231105194124699
92,636231105194294631
92,636231105194459765
92,636231105194629867
92,636231105194795172
92,636231105194960096
92,636231105195130216
92,636231105195295349
92,636231105195460466
92,636231105195630753
92,636231105195795685
92,636231105195965814
92,636231105196131114
92,636231105196296055
92,636231105196466162
92,636231105196631291
92,636231105196796404
92,636231105196966532
92,636231105197131751
92,636231105197301751
92,636231105197467047
92,636231105197631984
92,636231105197802100
92,636231105197967233
89,636231105198132333
89,636231105198302470
89,636231105198467569
89,636231105198637693
89,636231105198802823
89,636231105198967931
89,636231105199138042
89,636231105199303180
89,636231105199468292
89,636231105199638399
89,636231105199803511
89,636231105199973635
89,636231105200138769
89,636231105200304048
89,636231105200473988
89,636231105200639293
89,636231105200804401
89,636231105200974345
89,636231105201139457
89,636231105201309577
89,636231105201474694
89,636231105201640028
89,636231105201809969
89,636231105201975064
89,636231105202145167
89,636231105202310300
89,636231105202475588
89,636231105202645519
89,636231105202810649
89,636231105202975769
89,636231105203145872
89,636231105203311002
89,636231105203481109
89,636231105203646229
89,636231105203811342
89,636231105203981461
89,636231105204146762
89,636231105204311878
89,636231105204481930
89,636231105204646944
89,636231105204812043
89,636231105204982180
89,636231105205147463
89,636231105205317416
89,636231105205482537
87,636231105205647636
87,636231105205817756
87,636231105205982877
87,636231105206147985
87,636231105206318130
87,636231105206483221
87,636231105206653345
87,636231105206818642
87,636231105206983578
87,636231105207153891
87,636231105207318999
87,636231105207488939
87,636231105207654055
87,636231105207819386
87,636231105207989288
87,636231105208154609
87,636231105208319537
87,636231105208489653
87,636231105208654774
87,636231105208824877
87,636231105208989993
87,636231105209155122
87,636231105209325225
87,636231105209490342
87,636231105209655484
87,636231105209825591
87,636231105209990716
87,636231105210160832
87,636231105210325931
87,636231105210491235
87,636231105210661180
87,636231105210826472
87,636231105210991417
87,636231105211161708
87,636231105211326825
87,636231105211496782
87,636231105211661899
87,636231105211827182
87,636231105211997109
87,636231105212162226
87,636231105212327552
87,636231105212497488
87,636231105212662596
87,636231105212832703
87,636231105212998003
85,636231105213163119
85,636231105213333051
85,636231105213498356
85,636231105213663477
85,636231105213833404
85,636231105213998709
85,636231105214168649
85,636231105214333778
85,636231105214499087
85,636231105214669130
85,636231105214834298
85,636231105214999230
85,636231105215169530
85,636231105215334651
85,636231105215504587
85,636231105215669891
85,636231105215834820
85,636231105216005115
85,636231105216170060
85,636231105216335177
85,636231105216505288
85,636231105216670422
85,636231105216840529
85,636231105217005833
85,636231105217170941
85,636231105217341070
85,636231105217506178
85,636231105217671311
85,636231105217841247
85,636231105218006359
85,636231105218176475
85,636231105218341587
85,636231105218506751
85,636231105218676824
85,636231105218842145
85,636231105219012073
85,636231105219177176
85,636231105219342306
85,636231105219512417
85,636231105219677576
85,636231105219842693
85,636231105220012997
85,636231105220177950
85,636231105220343045
83,636231105220513161
83,636231105220678500
83,636231105220848402
83,636231105221013535
83,636231105221178643
83,636231105221348750
83,636231105221514059
83,636231105221683991
83,636231105221849107
83,636231105222014404
83,636231105222184340
83,636231105222349460
83,636231105222514756
83,636231105222684902
83,636231105222850031
83,636231105223019933
83,636231105223185049
83,636231105223350346
83,636231105223520367
83,636231105223685402
83,636231105223850698
83,636231105224020746
83,636231105224185956
83,636231105224355892
83,636231105224520996
83,636231105224686292
83,636231105224856232
83,636231105225021340
83,636231105225186461
83,636231105225356769
83,636231105225521693
83,636231105225691817
83,636231105225856929
83,636231105226022054
83,636231105226192166
83,636231105226357308
83,636231105226522587
83,636231105226692553
83,636231105226857857
83,636231105227027759
83,636231105227192893
83,636231105227358013
83,636231105227528129
83,636231105227693245
81,636231105227858533
81,636231105228028469
81,636231105228193765
81,636231105228363701
81,636231105228528818
81,636231105228693947
81,636231105228864272
81,636231105229029170
81,636231105229194282
81,636231105229364428
81,636231105229529707
81,636231105229699643
81,636231105229864948
81,636231105230029872
81,636231105230200017
81,636231105230365292
81,636231105230535232
81,636231105230700357
81,636231105230865482
81,636231105231035606
81,636231105231200907
81,636231105231365822
81,636231105231536122
81,636231105231701054
81,636231105231871174
81,636231105232036479
81,636231105232201407
81,636231105232371523
81,636231105232536827
81,636231105232701760
81,636231105232871888
81,636231105233036996
81,636231105233207129
81,636231105233372246
81,636231105233537362
81,636231105233707469
81,636231105233872590
81,636231105234037715
81,636231105234207826
81,636231105234373127
81,636231105234543058
81,636231105234708354
81,636231105234873295
81,636231105235043407
81,636231105235208523
81,636231105235373644
81,636231105235543969
81,636231105235709060
81,636231105235879000
81,636231105236044130
81,636231105236209237
81,636231105236379349
81,636231105236544666
81,636231105236709582
81,636231105236879791
81,636231105237045006
81,636231105237214959
81,636231105237380268
81,636231105237545188
81,636231105237715291
81,636231105237880412
81,636231105238045537
81,636231105238215661
81,636231105238380764
81,636231105238550897
81,636231105238716018
81,636231105238881301
81,636231105239051237
81,636231105239216358
81,636231105239381474
81,636231105239551795
81,636231105239716907
81,636231105239886826
81,636231105240052131
81,636231105240217055
81,636231105240387363
81,636231105240552296
81,636231105240722416
81,636231105240887712
81,636231105241052666
81,636231105241222768
81,636231105241387889
81,636231105241553189
81,636231105241723305
81,636231105241888430
81,636231105242058366
81,636231105242223474
81,636231105242388770
81,636231105242558809
81,636231105242723823
81,636231105242889140
81,636231105243059260
81,636231105243224180
81,636231105243394304
81,636231105243559425
81,636231105243724712
81,636231105243894746
81,636231105244059782
81,636231105244224894
81,636231105244395018
81,636231105244560301
81,636231105244730254
81,636231105244895371
81,636231105245060492
81,636231105245230594
81,636231105245395724
81,636231105245560857
81,636231105245730973
81,636231105245896248
81,636231105246066196
81,636231105246231514
81,636231105246396434
81,636231105246566532
81,636231105246731832
81,636231105246896953
81,636231105247066889
81,636231105247232018
81,636231105247402147
81,636231105247567242
81,636231105247732363
81,636231105247902474
81,636231105248067612
81,636231105248232724
81,636231105248403011
81,636231105248568132
81,636231105248738080
81,636231105248903364
81,636231105249068296
81,636231105249238425
81,636231105249403725
82,636231105249568670
82,636231105249738778
82,636231105249903911
82,636231105250074010
82,636231105250239126
82,636231105250404260
82,636231105250574358
82,636231105250739663
82,636231105250904608
82,636231105251074724
82,636231105251240016
82,636231105251409952
82,636231105251575064
82,636231105251740189
82,636231105251910420
82,636231105252075434
82,636231105252240550
82,636231105252410662
82,636231105252575787
82,636231105252745894
82,636231105252911031
82,636231105253076127
82,636231105253246251
82,636231105253411359
82,636231105253576479
82,636231105253746779
82,636231105253911729
82,636231105254081836
82,636231105254247136
82,636231105254412090
82,636231105254582201
82,636231105254747335
82,636231105254912417
82,636231105255082729
82,636231105255247658
82,636231105255417778
82,636231105255582907
82,636231105255748011
82,636231105255918148
82,636231105256083268
82,636231105256253367
82,636231105256418663
82,636231105256583809
82,636231105256753715
82,636231105256919016
82,636231105257083965
82,636231105257254081
82,636231105257419373
82,636231105257589309
82,636231105257754613
82,636231105257919721
82,636231105258089662
82,636231105258254787
82,636231105258424898
82,636231105258590010
82,636231105258755311
82,636231105258925251
82,636231105259090551
82,636231105259255484
82,636231105259425599
82,636231105259590908
82,636231105259755849
82,636231105259926145
82,636231105260091257
82,636231105260261193
82,636231105260426322
82,636231105260591434
82,636231105260761657
82,636231105260926846
82,636231105261091958
82,636231105261261903
82,636231105261427195
82,636231105261597135
82,636231105261762251
82,636231105261927363
82,636231105262097612
82,636231105262262617
82,636231105262427721
82,636231105262597845
82,636231105262762974
82,636231105262933077
82,636231105263098193
82,636231105263263331
82,636231105263433443
83,636231105263598726
83,636231105263763658
83,636231105263933804
83,636231105264098895
83,636231105264269019
83,636231105264434140
83,636231105264599440
83,636231105264769568
83,636231105264934488
83,636231105265104608
83,636231105265269742
83,636231105265434837
83,636231105265604961
83,636231105265770073
83,636231105265935378
83,636231105266105327
83,636231105266270447
83,636231105266440554
83,636231105266605662
83,636231105266770967
83,636231105266940899
83,636231105267106203
83,636231105267271320
83,636231105267441256
83,636231105267606385
83,636231105267771489
83,636231105267941792
83,636231105268106738
83,636231105268276892
83,636231105268441974
83,636231105268607091
83,636231105268777211
83,636231105268942331
83,636231105269112434
83,636231105269277546
83,636231105269442851
83,636231105269612783
83,636231105269777916
83,636231105269943217
83,636231105270113144
83,636231105270278260
83,636231105270448393
83,636231105270613497
83,636231105270778609
83,636231105270948725
83,636231105271113863
83,636231105271278975
83,636231105271449253
83,636231105271614224
83,636231105271784314
83,636231105271949619
83,636231105272114568
83,636231105272284671
83,636231105272449971
83,636231105272615088
83,636231105272785037
83,636231105272950320
83,636231105273120260
83,636231105273285398
83,636231105273450677
83,636231105273620613
83,636231105273785734
83,636231105273951025
83,636231105274120983
83,636231105274286082
83,636231105274456202
83,636231105274621319
83,636231105274786482
83,636231105274956743
83,636231105275121680
83,636231105275286784
83,636231105275456925
83,636231105275622204
83,636231105275792144
83,636231105275957265
83,636231105276122561
83,636231105276292514
83,636231105276457626
83,636231105276627733
83,636231105276792863
83,636231105276958150
83,636231105277128086
83,636231105277293207
83,636231105277458319
83,636231105277628439
83,636231105277793573
84,636231105277963675
84,636231105278128980
84,636231105278293904
84,636231105278464024
84,636231105278629256
84,636231105278794445
84,636231105278964394
84,636231105279129502
84,636231105279299617
84,636231105279464738
84,636231105279630030
84,636231105279799966
84,636231105279965108
84,636231105280130216
84,636231105280300323
84,636231105280465452
84,636231105280635559
84,636231105280800860
84,636231105280965976
84,636231105281135912
84,636231105281301213
84,636231105281466149
84,636231105281636278
84,636231105281801377
84,636231105281971501
84,636231105282136631
84,636231105282301751
84,636231105282471850
84,636231105282637150
84,636231105282802087
84,636231105282972207
84,636231105283137336
84,636231105283307443
84,636231105283472560
84,636231105283637676
84,636231105283807796
84,636231105283973092
84,636231105284138033
84,636231105284308166
84,636231105284473278
84,636231105284643385
84,636231105284808682
84,636231105284973798
84,636231105285143760
84,636231105285308863
84,636231105285473975
83,636231105285644095
83,636231105285809242
83,636231105285979327
83,636231105286144448
83,636231105286314564
83,636231105286479676
83,636231105286644981
83,636231105286814917
83,636231105286980054
83,636231105287145338
83,636231105287315269
83,636231105287480570
83,636231105287645524
83,636231105287815622
83,636231105287980739
83,636231105288146043
83,636231105288315992
83,636231105288481104
83,636231105288651212
83,636231105288816520
83,636231105288981624
83,636231105289151714
83,636231105289316860
83,636231105289481793
83,636231105289651921
83,636231105289817038
83,636231105289987154
83,636231105290152283
83,636231105290317403
83,636231105290487720
83,636231105290652828
83,636231105290822743
83,636231105290987863
83,636231105291152976
83,636231105291323096
83,636231105291488225
83,636231105291653345
83,636231105291823461
83,636231105291988582
83,636231105292158685
83,636231105292324006
83,636231105292488930
83,636231105292659050
83,636231105292824167
83,636231105292989459
83,636231105293159574
83,636231105293324532
83,636231105293494627
83,636231105293659765
83,636231105293824860
83,636231105293994980
83,636231105294160105
83,636231105294325230
83,636231105294495328
83,636231105294660633
83,636231105294830603
83,636231105294995681
83,636231105295160981
83,636231105295330922
83,636231105295496051
83,636231105295661338
83,636231105295831458
83,636231105295996395
83,636231105296166515
83,636231105296331631
83,636231105296496765
83,636231105296666859
83,636231105296831980
83,636231105296997101
83,636231105297167229
83,636231105297332350
83,636231105297502453
83,636231105297667586
83,636231105297832686
83,636231105298002810
83,636231105298167939
83,636231105298333047
83,636231105298503167
83,636231105298668292
83,636231105298838425
83,636231105299003537
83,636231105299168632
83,636231105299338748
83,636231105299503864
83,636231105299668976
83,636231105299839289
83,636231105300004234
83,636231105300174341
83,636231105300339453
83,636231105300504570
83,636231105300674702
83,636231105300839819
83,636231105301004918
83,636231105301175222
83,636231105301340347
83,636231105301510279
83,636231105301675400
83,636231105301840529
83,636231105302010820
83,636231105302175928
83,636231105302340864
83,636231105302511006
83,636231105302676101
83,636231105302846221
83,636231105303011517
83,636231105303176449
83,636231105303346569
83,636231105303511703
83,636231105303681814
83,636231105303847106
83,636231105304012227
83,636231105304182163
83,636231105304347292
83,636231105304512575
83,636231105304682533
83,636231105304847632
83,636231105305012761
83,636231105305182868
83,636231105305348169
83,636231105305518165
83,636231105305683221
83,636231105305848522
83,636231105306018470
83,636231105306183570
83,636231105306353694
83,636231105306518810
83,636231105306683935
83,636231105306854043
83,636231105307019176
83,636231105307184468
83,636231105307354417
83,636231105307519696
83,636231105307689640
83,636231105307854770
83,636231105308019865
83,636231105308190113
83,636231105308355110
83,636231105308520226
83,636231105308690354
83,636231105308855471
83,636231105309025582
83,636231105309190694
83,636231105309355999
83,636231105309526102
83,636231105309691231
83,636231105309861167
83,636231105310026301
83,636231105310191584
83,636231105310361524
83,636231105310526816
83,636231105310691757
83,636231105310862057
83,636231105311027002
83,636231105311192294
83,636231105311362230
83,636231105311527526
83,636231105311697462
83,636231105311862767
83,636231105312027879
83,636231105312197828
83,636231105312363111
83,636231105312528236
83,636231105312698181
83,636231105312863284
83,636231105313033404
83,636231105313198516
83,636231105313363645
83,636231105313533949
83,636231105313698869
83,636231105313868993
83,636231105314034127
83,636231105314199243
83,636231105314369346
83,636231105314534655
83,636231105314699583
83,636231105314869707
83,636231105315034815
83,636231105315204944
83,636231105315370253
83,636231105315535185
83,636231105315705284
83,636231105315870400
83,636231105316035538
83,636231105316205645
83,636231105316370941
83,636231105316540877
83,636231105316706178
83,636231105316871106
83,636231105317041230
83,636231105317206560
83,636231105317371523
83,636231105317541583
83,636231105317706721
83,636231105317876824
83,636231105318041940
83,636231105318207240
83,636231105318377172
83,636231105318542293
83,636231105318707418
83,636231105318877521
83,636231105319042646
83,636231105319212778
83,636231105319377882
83,636231105319542990
83,636231105319713114
83,636231105319878243
83,636231105320043368
83,636231105320213480
83,636231105320378588
83,636231105320548703
83,636231105320713999
83,636231105320879120
83,636231105321049056
83,636231105321214177
83,636231105321384293
83,636231105321549597
83,636231105321714525
83,636231105321884641
83,636231105322049787
83,636231105322214900
83,636231105322384998
82,636231105322550298
82,636231105322720235
82,636231105322885364
82,636231105323050485
82,636231105323220596
82,636231105323385888
82,636231105323550816
82,636231105323720936
82,636231105323886069
82,636231105324056177
82,636231105324221310
82,636231105324386422
82,636231105324556525
82,636231105324721646
82,636231105324886779
82,636231105325057062
82,636231105325222178
82,636231105325387136
82,636231105325557415
82,636231105325722561
82,636231105325892531
82,636231105326057767
82,636231105326222717
82,636231105326393012
82,636231105326558125
82,636231105326728073
82,636231105326893365
82,636231105327058298
82,636231105327228426
82,636231105327393534
82,636231105327558646
82,636231105327728762
82,636231105327894084
82,636231105328064050
82,636231105328229307
82,636231105328394424
82,636231105328564364
82,636231105328729651
82,636231105328894772
82,636231105329064721
82,636231105329230004
82,636231105329399949
82,636231105329565241
82,636231105329730357
82,636231105329900293
82,636231105330065414
82,636231105330230547
82,636231105330400663
82,636231105330565767
82,636231105330735887
82,636231105330901183
82,636231105331066119
82,636231105331236261
82,636231105331401369
82,636231105331566485
82,636231105331736772
82,636231105331901704
82,636231105332071829
82,636231105332236954
82,636231105332402083
82,636231105332572181
82,636231105332737302
82,636231105332902431
82,636231105333072551
82,636231105333237839
82,636231105333407771
82,636231105333572891
82,636231105333738003
82,636231105333908119
82,636231105334073419
82,636231105334238361
82,636231105334408669
82,636231105334573593
82,636231105334743725
82,636231105334908829
82,636231105335073941
82,636231105335244065
82,636231105335409186
82,636231105335574311
82,636231105335744414
82,636231105335909535
82,636231105336079655
82,636231105336244844
82,636231105336410071
82,636231105336580029
82,636231105336745316
82,636231105336910240
82,636231105337080544
82,636231105337245661
81,636231105337415597
81,636231105337580709
81,636231105337745838
81,636231105337916133
81,636231105338081250
81,636231105338251186
81,636231105338416315
81,636231105338581432
81,636231105338751534
81,636231105338916672
81,636231105339081780
81,636231105339252071
81,636231105339417196
81,636231105339582120
81,636231105339752432
81,636231105339917374
81,636231105340087485
81,636231105340252781
81,636231105340417714
81,636231105340588017
81,636231105340753130
81,636231105340923070
81,636231105341088203
81,636231105341253482
81,636231105341423444
81,636231105341588535
81,636231105341753656
81,636231105341923959
81,636231105342088939
81,636231105342259012
81,636231105342424137
81,636231105342589266
81,636231105342759360
81,636231105342924490
81,636231105343094601
81,636231105343259897
81,636231105343424851
81,636231105343594954
81,636231105343760087
81,636231105343925375
81,636231105344095307
81,636231105344260427
81,636231105344425561
81,636231105344595660
81,636231105344760772
81,636231105344930896
81,636231105345096029
81,636231105345261142
81,636231105345431403
81,636231105345596382
81,636231105345761665
81,636231105345931785
81,636231105346096919
81,636231105346266838
81,636231105346431959
81,636231105346597071
81,636231105346767186
81,636231105346932487
81,636231105347102427
81,636231105347267556
81,636231105347432656
81,636231105347602780
81,636231105347768106
81,636231105347933026
81,636231105348103137
81,636231105348268245
81,636231105348438369
81,636231105348603511
81,636231105348768602
81,636231105348938718
81,636231105349103860
81,636231105349269134
81,636231105349439263
81,636231105349604375
81,636231105349774324
81,636231105349939611
81,636231105350104544
81,636231105350274664
81,636231105350439960
81,636231105350604897
81,636231105350775017
81,636231105350940129
81,636231105351110253
81,636231105351275374
81,636231105351440482
81,636231105351610619
81,636231105351775727
81,636231105351940835
81,636231105352110959
81,636231105352276071
81,636231105352446195
81,636231105352611495
81,636231105352776428
81,636231105352946544
81,636231105353111848
81,636231105353276794
81,636231105353446914
81,636231105353612030
81,636231105353782154
81,636231105353947437
81,636231105354112387
81,636231105354282490
81,636231105354447619
81,636231105354612736
81,636231105354782860
81,636231105354948147
81,636231105355118079
81,636231105355283213
81,636231105355448492
81,636231105355618432
81,636231105355783548
81,636231105355948849
81,636231105356118798
81,636231105356284085
81,636231105356454021
81,636231105356619138
81,636231105356784438
81,636231105356954383
81,636231105357119499
81,636231105357284795
81,636231105357454911
81,636231105357619869
81,636231105357789959
81,636231105357955080
81,636231105358120192
81,636231105358290500
81,636231105358455428
81,636231105358625552
81,636231105358790857
81,636231105358955978
81,636231105359125905
81,636231105359291034
81,636231105359456142
81,636231105359626438
81,636231105359791392
81,636231105359961494
81,636231105360126790
81,636231105360291911
81,636231105360461843
81,636231105360626959
81,636231105360792264
81,636231105360962200
81,636231105361127342
81,636231105361297441
81,636231105361462557
81,636231105361627857
81,636231105361797789
81,636231105361963111
81,636231105362128018
81,636231105362298326
81,636231105362463276
81,636231105362633378
81,636231105362798508
81,636231105362963791
81,636231105363133821
81,636231105363298852
81,636231105363464157
81,636231105363634268
81,636231105363799389
81,636231105363969320
81,636231105364134621
81,636231105364299741
81,636231105364469678
81,636231105364634785
81,636231105364800090
81,636231105364970231
81,636231105365135155
81,636231105365305275
81,636231105365470379
81,636231105365635525
81,636231105365805615
81,636231105365970732
81,636231105366135861
81,636231105366306178
81,636231105366471080
81,636231105366641204
81,636231105366806505
81,636231105366971437
81,636231105367141566
81,636231105367306674
81,636231105367471794
81,636231105367641919
81,636231105367807035
81,636231105367977146
81,636231105368142263
81,636231105368307384
81,636231105368477499
81,636231105368642800
81,636231105368807728
81,636231105368977848
81,636231105369142990
81,636231105369313088
81,636231105369478213
81,636231105369643351
81,636231105369813441
81,636231105369978558
81,636231105370143691
81,636231105370314008
81,636231105370478915
81,636231105370649030
81,636231105370814331
81,636231105370979443
81,636231105371149405
81,636231105371314521
81,636231105371484620
81,636231105371649929
81,636231105371814870
81,636231105371984972
81,636231105372150106
81,636231105372315227
81,636231105372485338
81,636231105372650647
81,636231105372815575
81,636231105372985862
81,636231105373150974
81,636231105373320915
81,636231105373486215
81,636231105373651152
81,636231105373821293
81,636231105373986409
81,636231105374156504
81,636231105374321642
81,636231105374486946
81,636231105374656852
81,636231105374822161
81,636231105374987094
81,636231105375157393
81,636231105375322343
81,636231105375492446
81,636231105375657558
81,636231105375822683
81,636231105375992799
81,636231105376157928
81,636231105376323211
81,636231105376493164
81,636231105376658281
81,636231105376828388
81,636231105376993517
81,636231105377158817
81,636231105377328753
81,636231105377493874
81,636231105377659157
81,636231105377829282
81,636231105377994214
81,636231105378164338
81,636231105378329450
81,636231105378494580
81,636231105378664678
81,636231105378829816
81,636231105378994915
81,636231105379165035
81,636231105379330156
81,636231105379500272
81,636231105379665388
81,636231105379830509
81,636231105380000714
81,636231105380165741
81,636231105380331046
81,636231105380501178
81,636231105380666124
81,636231105380836214
81,636231105381001523
81,636231105381166631
81,636231105381336567
81,636231105381501683
81,636231105381666983
81,636231105381837103
81,636231105382002215
81,636231105382172156
81,636231105382337353
81,636231105382502585
81,636231105382672504
81,636231105382837634
81,636231105383002964
81,636231105383172878
81,636231105383338157
81,636231105383508098
81,636231105383673227
81,636231105383838335
81,636231105384008446
81,636231105384173580
81,636231105384343691
81,636231105384508825
81,636231105384673916
81,636231105384844036
81,636231105385009156
81,636231105385174457
81,636231105385344405
81,636231105385509513
81,636231105385674643
81,636231105385844741
81,636231105386009862
81,636231105386179982
81,636231105386345094
81,636231105386510394
81,636231105386680335
81,636231105386845635
81,636231105387015571
81,636231105387180705
81,636231105387345800
81,636231105387515924
81,636231105387681045
81,636231105387846152
81,636231105388016465
81,636231105388181397
81,636231105388351526
81,636231105388516634
81,636231105388681767
81,636231105388851862
81,636231105389017115
81,636231105389182120
81,636231105389352398
81,636231105389517515
81,636231105389687459
81,636231105389852755
81,636231105390017692
81,636231105390187910
81,636231105390352937
81,636231105390518045
81,636231105390688169
81,636231105390853465
81,636231105391023427
81,636231105391188509
81,636231105391353814
81,636231105391523750
81,636231105391688879
81,636231105391854167
81,636231105392024098
81,636231105392189240
81,636231105392359339
81,636231105392524455
81,636231105392689576
81,636231105392859713
81,636231105393024996
81,636231105393189920
81,636231105393360053
81,636231105393525174
81,636231105393695281
81,636231105393860581
81,636231105394025510
81,636231105394195647
81,636231105394360772
81,636231105394530866
81,636231105394696171
81,636231105394861107
81,636231105395031227
81,636231105395196348
81,636231105395361670
81,636231105395531584
81,636231105395696872
81,636231105395866812
81,636231105396031942
81,636231105396197058
81,636231105396367165
81,636231105396532470
81,636231105396697411
81,636231105396867522
81,636231105397032639
81,636231105397202754
81,636231105397368076
81,636231105397532983
81,636231105397703304
81,636231105397868219
81,636231105398033520
81,636231105398203640
81,636231105398368760
81,636231105398538696
81,636231105398703813
81,636231105398868951
81,636231105399039049
81,636231105399204187
81,636231105399369290
81,636231105399539586
81,636231105399704706
81,636231105399874651
81,636231105400039939
81,636231105400204867
81,636231105400374991
81,636231105400540108
81,636231105400705220
81,636231105400875352
81,636231105401040473
81,636231105401210597
81,636231105401375722
81,636231105401540817
81,636231105401710929
81,636231105401876067
81,636231105402041187
81,636231105402211303
81,636231105402376402
81,636231105402546527
81,636231105402711823
80,636231105402876755
80,636231105403046875
80,636231105403212180
80,636231105403377129
80,636231105403547408
80,636231105403712571
80,636231105403882464
80,636231105404047585
80,636231105404212697
80,636231105404382817
80,636231105404548117
80,636231105404713050
80,636231105404883350
80,636231105405048466
80,636231105405218406
80,636231105405383523
80,636231105405548639
80,636231105405718759
80,636231105405884081
80,636231105406054025
80,636231105406219296
80,636231105406384245
80,636231105406554395
80,636231105406719644
80,636231105406884581
80,636231105407054889
80,636231105407219997
80,636231105407384934
80,636231105407555080
80,636231105407720166
80,636231105407890376
80,636231105408055428
80,636231105408220707
80,636231105408390827
80,636231105408555939
80,636231105408725892
80,636231105408891005
80,636231105409056117
80,636231105409226232
80,636231105409391541
80,636231105409556469
80,636231105409726589
80,636231105409891881
80,636231105410061822
80,636231105410226942
80,636231105410392243
80,636231105410562170
80,636231105410727291
80,636231105410892407
80,636231105411062531
80,636231105411227827
80,636231105411397781
80,636231105411562897
80,636231105411728009
80,636231105411898116
80,636231105412063241
80,636231105412228567
80,636231105412398482
80,636231105412563581
80,636231105412733706
80,636231105412898835
80,636231105413064122
80,636231105413234054
80,636231105413399188
80,636231105413564304
80,636231105413734424
80,636231105413899545
80,636231105414069648
80,636231105414234781
80,636231105414400081
80,636231105414569996
80,636231105414735134
80,636231105414900421
80,636231105415070353
80,636231105415235474
80,636231105415405590
80,636231105415570723
80,636231105415735835
80,636231105415905938
80,636231105416071243
80,636231105416236192
80,636231105416406308
80,636231105416571412
80,636231105416741532
80,636231105416906828
80,636231105417071944
80,636231105417242021
80,636231105417407180
80,636231105417572113
80,636231105417742259
80,636231105417907358
80,636231105418077474
80,636231105418242607
80,636231105418407719
80,636231105418577822
80,636231105418743131
80,636231105418913063
80,636231105419078196
80,636231105419243300
80,636231105419413411
80,636231105419578532
80,636231105419743657
80,636231105419913768
80,636231105420078940
80,636231105420249001
80,636231105420414138
80,636231105420579242
80,636231105420749353
80,636231105420914487
80,636231105421079590
80,636231105421249728
80,636231105421414827
80,636231105421584951
80,636231105421750068
80,636231105421915184
80,636231105422085300
80,636231105422250433
80,636231105422415545
80,636231105422585836
80,636231105422750953
80,636231105422920889
80,636231105423086005
80,636231105423251306
80,636231105423421254
80,636231105423586354
80,636231105423751658
80,636231105423921612
80,636231105424086719
80,636231105424256835
80,636231105424421947
80,636231105424587248
80,636231105424757179
80,636231105424922317
80,636231105425087417
80,636231105425257716
80,636231105425422670
80,636231105425592773
80,636231105425757906
80,636231105425923194
80,636231105426093126
80,636231105426258259
80,636231105426423542
80,636231105426593662
80,636231105426758603
80,636231105426928715
80,636231105427094015
80,636231105427258969
80,636231105427429068
80,636231105427594197
80,636231105427759489
80,636231105427929609
80,636231105428094725
80,636231105428264657
80,636231105428429790
80,636231105428594907
80,636231105428765010
80,636231105428930349
80,636231105429095260
80,636231105429265384
80,636231105429430663
80,636231105429600599
80,636231105429765732
80,636231105429931011
80,636231105430100969
80,636231105430266072
80,636231105430431189
80,636231105430601326
80,636231105430766438
80,636231105430936537
80,636231105431101841
80,636231105431266953
80,636231105431437082
80,636231105431602027
80,636231105431772130
80,636231105431937430
80,636231105432102363
80,636231105432272483
80,636231105432437608
80,636231105432602724
80,636231105432772853
80,636231105432937974
80,636231105433108072
80,636231105433273206
80,636231105433438301
80,636231105433608421
80,636231105433773546
80,636231105433938679
80,636231105434108957
80,636231105434273894
80,636231105434444014
80,636231105434609131
80,636231105434774243
80,636231105434944363
80,636231105435109603
80,636231105435274600
80,636231105435444724
80,636231105435610024
80,636231105435779956
80,636231105435945094
80,636231105436110369
80,636231105436280309
80,636231105436445438
80,636231105436610546
80,636231105436780657
80,636231105436945774
80,636231105437115894
80,636231105437281203
80,636231105437446311
80,636231105437616251
80,636231105437781551
80,636231105437946484
80,636231105438116788
80,636231105438281733
80,636231105438451840
80,636231105438616961
80,636231105438782082
80,636231105438952189
80,636231105439117327
80,636231105439282426
80,636231105439452567
80,636231105439617850
80,636231105439787782
80,636231105439952916
80,636231105440118199
80,636231105440288135
80,636231105440453269
80,636231105440623371
80,636231105440788509
80,636231105440953788
80,636231105441123720
80,636231105441289024
80,636231105441454179
80,636231105441624295
80,636231105441789211
80,636231105441959313
80,636231105442124430
80,636231105442289730
80,636231105442459688
80,636231105442624791
80,636231105442789899
80,636231105442960023
80,636231105443125153
80,636231105443295255
80,636231105443460372
80,636231105443625510
80,636231105443795677
80,636231105443960742
80,636231105444125845
80,636231105444296145
80,636231105444461095
80,636231105444631197
80,636231105444796339
80,636231105444961614
80,636231105445131550
80,636231105445296684
80,636231105445466791
80,636231105445631920
80,636231105445797032
80,636231105445967139
80,636231105446132277
80,636231105446297394
80,636231105446467492
80,636231105446632609
80,636231105446797725
80,636231105446967862
80,636231105447132961
80,636231105447303086
80,636231105447468232
80,636231105447633314
80,636231105447803430
80,636231105447968551
80,636231105448133851
80,636231105448303967
80,636231105448468925
80,636231105448639023
80,636231105448804166
80,636231105448969256
80,636231105449139376
80,636231105449304505
80,636231105449469789
80,636231105449639913
80,636231105449804858
80,636231105449974965
80,636231105450140099
80,636231105450305198
80,636231105450475314
80,636231105450640448
80,636231105450805551
80,636231105450975851
80,636231105451140971
80,636231105451310907
80,636231105451476028
80,636231105451641140
80,636231105451811256
80,636231105451976578
80,636231105452141673
80,636231105452311626
80,636231105452476734
80,636231105452646849
80,636231105452811970
80,636231105452977095
80,636231105453147382
80,636231105453312503
80,636231105453477439
80,636231105453647581
80,636231105453812693
80,636231105453982791
80,636231105454147925
80,636231105454313208
80,636231105454483161
80,636231105454648453
80,636231105454818381
80,636231105454983497
80,636231105455148797
80,636231105455318828
80,636231105455483854
80,636231105455653974
80,636231105455819133
80,636231105455984207
80,636231105456154340
80,636231105456319619
80,636231105456484573
80,636231105456654680
80,636231105456819796
80,636231105456984925
80,636231105457155212
80,636231105457320149
80,636231105457490269
80,636231105457655381
80,636231105457820681
80,636231105457990618
80,636231105458155751
80,636231105458320859
80,636231105458491154
80,636231105458656112
80,636231105458826215
80,636231105458991507
80,636231105459156628
80,636231105459326555
80,636231105459491689
80,636231105459656814
80,636231105459826921
80,636231105459992217
80,636231105460162149
80,636231105460327453
80,636231105460492377
80,636231105460662523
80,636231105460827644
80,636231105460992747
80,636231105461163038
80,636231105461327992
80,636231105461498091
80,636231105461663207
80,636231105461828354
80,636231105461998597
80,636231105462163740
80,636231105462333680
80,636231105462498792
80,636231105462664092
80,636231105462834033
80,636231105462999171
80,636231105463164449
80,636231105463334390
80,636231105463499532
80,636231105463664618
80,636231105463834760
80,636231105463999859
80,636231105464169975
80,636231105464335091
80,636231105464500225
80,636231105464670332
80,636231105464835448
80,636231105465005568
80,636231105465170736
80,636231105465335797
80,636231105465505917
80,636231105465671050
80,636231105465836338
80,636231105466006462
80,636231105466171395
80,636231105466341510
80,636231105466506828
80,636231105466671948
80,636231105466841854
80,636231105467006997
80,636231105467172092
80,636231105467342395
80,636231105467507328
80,636231105467672470
80,636231105467842753
80,636231105468007869
80,636231105468177805
80,636231105468342934
80,636231105468508034
80,636231105468678175
80,636231105468843270
80,636231105469013390
80,636231105469178511
80,636231105469343640
80,636231105469513807
80,636231105469678868
80,636231105469843976
80,636231105470014279
80,636231105470179216
80,636231105470349336
80,636231105470514448
80,636231105470679573
80,636231105470849681
80,636231105471014818
80,636231105471179926
80,636231105471350226
80,636231105471515338
80,636231105471685287
80,636231105471850574
80,636231105472015528
80,636231105472185623
80,636231105472350748
80,636231105472515881
80,636231105472685980
80,636231105472851096
79,636231105473021216
79,636231105473186337
79,636231105473351633
79,636231105473521569
79,636231105473686685
79,636231105473851986
79,636231105474021922
79,636231105474187230
79,636231105474357158
79,636231105474522292
79,636231105474687399
79,636231105474857524
79,636231105475022730
79,636231105475192747
79,636231105475357889
79,636231105475522980
79,636231105475693100
79,636231105475858221
79,636231105476023517
79,636231105476193637
79,636231105476358565
79,636231105476528689
79,636231105476693994
79,636231105476858931
79,636231105477029038
79,636231105477194163
79,636231105477359480
79,636231105477529412
79,636231105477694550
79,636231105477864636
79,636231105478029936
79,636231105478195044
79,636231105478364984
79,636231105478530118
79,636231105478695230
79,636231105478865363
79,636231105479030637
79,636231105479200573
79,636231105479365694
79,636231105479530823
79,636231105479700926
79,636231105479866226
79,636231105480031159
79,636231105480201296
79,636231105480366421
79,636231105480536528
79,636231105480701645
79,636231105480866752
79,636231105481036864
79,636231105481202190
78,636231105481367306
78,636231105481537426
78,636231105481702551
78,636231105481872470
78,636231105482037599
78,636231105482202686
78,636231105482372806
78,636231105482537944
78,636231105482703227
78,636231105482873176
78,636231105483038288
78,636231105483208412
78,636231105483373533
78,636231105483538645
78,636231105483708752
78,636231105483874048
78,636231105484039169
78,636231105484209113
78,636231105484374221
78,636231105484544341
78,636231105484709637
78,636231105484874574
78,636231105485044694
78,636231105485209994
78,636231105485374931
78,636231105485545265
78,636231105485710185
78,636231105485880283
78,636231105486045413
78,636231105486210520
78,636231105486380632
78,636231105486545748
78,636231105486710869
78,636231105486880989
78,636231105487046105
78,636231105487216230
78,636231105487381355
78,636231105487546642
78,636231105487716659
78,636231105487881695
78,636231105488046999
78,636231105488216931
78,636231105488382047
78,636231105488552163
78,636231105488717468
78,636231105488882584
78,636231105489052704
78,636231105489217637
78,636231105489387757
78,636231105489553053
77,636231105489718173
77,636231105489888109
77,636231105490053405
77,636231105490218359
77,636231105490388646
77,636231105490556469
77,636231105490723707
77,636231105490887446
77,636231105491056878
77,636231105491223936
77,636231105491388526
77,636231105491558441
77,636231105491723728
77,636231105491891791
77,636231105492058845
77,636231105492223799
77,636231105492392901
77,636231105492559856
77,636231105492727440
77,636231105492893673
77,636231105493060902
77,636231105493228435
77,636231105493394868
77,636231105493560938
77,636231105493729425
77,636231105493896547
77,636231105494060714
77,636231105494228024
77,636231105494397011
77,636231105494564458
77,636231105494727898
77,636231105494899014
77,636231105495064905
77,636231105495232420
77,636231105495395899
77,636231105495566104
77,636231105495732675
77,636231105495896632
77,636231105496064477
77,636231105496233028
77,636231105496397802
77,636231105496567772
77,636231105496732889
77,636231105496898018
77,636231105497068082
77,636231105497234952
77,636231105497402233
77,636231105497568102
77,636231105497733244
77,636231105497903351
77,636231105498069951
77,636231105498238048
77,636231105498403165
77,636231105498568298
77,636231105498738423
77,636231105498903518
77,636231105499073633
77,636231105499238750
77,636231105499403883
77,636231105499573990
77,636231105499739111
77,636231105499904232
77,636231105500074352
77,636231105500239468
77,636231105500409592
77,636231105500574709
77,636231105500739825
77,636231105500909932
77,636231105501075045
77,636231105501240161
77,636231105501410473
77,636231105501575402
77,636231105501745522
77,636231105501910642
77,636231105502075759
77,636231105502245883
77,636231105502410999
77,636231105502576120
77,636231105502746236
77,636231105502911523
77,636231105503081464
77,636231105503246597
77,636231105503411705
77,636231105503581821
77,636231105503746946
77,636231105503912229
77,636231105504082169
77,636231105504247298
77,636231105504417410
77,636231105504582535
77,636231105504747822
77,636231105504917754
77,636231105505083059
77,636231105505248171
77,636231105505418124
77,636231105505583241
77,636231105505753360
77,636231105505918464
77,636231105506083764
77,636231105506253713
77,636231105506418830
77,636231105506588933
77,636231105506754259
77,636231105506919187
77,636231105507089371
77,636231105507254586
77,636231105507419535
77,636231105507589822
77,636231105507754767
77,636231105507924879
77,636231105508090175
77,636231105508255291
77,636231105508425244
77,636231105508590344
77,636231105508755477
77,636231105508925602
77,636231105509090885
77,636231105509260821
77,636231105509426121
77,636231105509591049
77,636231105509761174
77,636231105509926303
77,636231105510091424
77,636231105510261531
77,636231105510426639
77,636231105510596767
77,636231105510761879
77,636231105510927201
77,636231105511097124
77,636231105511262416
77,636231105511427537
77,636231105511597468
77,636231105511762581
77,636231105511932705
77,636231105512097838
77,636231105512263117
77,636231105512433058
77,636231105512598195
77,636231105512763291
77,636231105512933611
77,636231105513098540
77,636231105513268643
77,636231105513433793
77,636231105513599059
76,636231105513768995
76,636231105513934296
76,636231105514099228
76,636231105514269365
76,636231105514434482
76,636231105514604602
76,636231105514769714
76,636231105514934839
76,636231105515104976
76,636231105515270242
76,636231105515435175
76,636231105515605307
76,636231105515770591
76,636231105515940527
76,636231105516105831
76,636231105516270772
76,636231105516440884
76,636231105516606004
76,636231105516771129
76,636231105516941237
76,636231105517106353
76,636231105517276469
76,636231105517441773
76,636231105517606890
76,636231105517776821
76,636231105517941938
76,636231105518107059
76,636231105518277187
76,636231105518442479
76,636231105518612599
76,636231105518777527
76,636231105518942661
76,636231105519112956
76,636231105519277906
76,636231105519448000
76,636231105519613121
76,636231105519778250
76,636231105519948370
76,636231105520113469
76,636231105520278607
76,636231105520448898
76,636231105520613835
76,636231105520778960
76,636231105520949242
76,636231105521114367
76,636231105521284299
76,636231105521449424
76,636231105521614532
76,636231105521784836
76,636231105521949777
76,636231105522119884
76,636231105522285000
76,636231105522450305
76,636231105522620250
76,636231105522785546
76,636231105522950474
76,636231105523120594
76,636231105523285894
76,636231105523455830
76,636231105523621126
76,636231105523786059
76,636231105523956183
76,636231105524121479
76,636231105524286416
76,636231105524456720
76,636231105524621652
76,636231105524791768
76,636231105524956884
76,636231105525122001
76,636231105525292138
76,636231105525457425
76,636231105525622371
76,636231105525792478
76,636231105525957795
76,636231105526127710
76,636231105526293010
76,636231105526457956
76,636231105526628063
76,636231105526793196
76,636231105526963299
76,636231105527128433
76,636231105527293536
76,636231105527463665
76,636231105527628773
76,636231105527793885
76,636231105527964005
76,636231105528129147
76,636231105528294255
76,636231105528464362
76,636231105528629474
76,636231105528799598
76,636231105528964894
76,636231105529129831
76,636231105529299964
75,636231105529465247
75,636231105529630184
75,636231105529800317
75,636231105529965416
75,636231105530135540
75,636231105530300652
75,636231105530465957
75,636231105530635889
75,636231105530801009
75,636231105530971129
75,636231105531136263
75,636231105531301367
75,636231105531471495
75,636231105531636611
75,636231105531801724
75,636231105531972049
75,636231105532136960
75,636231105532307071
75,636231105532472201
75,636231105532637484
75,636231105532807471
75,636231105532972536
75,636231105533137653
75,636231105533307790
75,636231105533472898
75,636231105533643026
75,636231105533808147
75,636231105533973263
75,636231105534143392
75,636231105534308491
75,636231105534473659
75,636231105534643719
75,636231105534809019
75,636231105534978951
75,636231105535144068
75,636231105535309368
75,636231105535479313
75,636231105535644425
75,636231105535809725
75,636231105535979871
75,636231105536144795
75,636231105536314893
75,636231105536480228
75,636231105536645147
75,636231105536815250
75,636231105536980384
75,636231105537145492
75,636231105537315603
75,636231105537480737
75,636231105537650839
75,636231105537815969
75,636231105537981273
75,636231105538151188
75,636231105538316322
75,636231105538481421
75,636231105538651725
75,636231105538816674
75,636231105538986781
75,636231105539151894
75,636231105539317010
75,636231105539487134
75,636231105539652255
75,636231105539817363
75,636231105539987496
75,636231105540152604
75,636231105540322723
75,636231105540487844
75,636231105540652948
75,636231105540823081
75,636231105540988201
75,636231105541153313
75,636231105541323438
75,636231105541488546
75,636231105541658661
75,636231105541823795
75,636231105541988907
75,636231105542159035
75,636231105542324130
75,636231105542489247
75,636231105542659380
75,636231105542824492
75,636231105542994620
75,636231105543159904
75,636231105543324840
75,636231105543494969
75,636231105543660077
75,636231105543830197
75,636231105543995326
75,636231105544160442
76,636231105544330562
76,636231105544495679
76,636231105544660988
76,636231105544831112
76,636231105544996014
76,636231105545166139
76,636231105545331251
76,636231105545496380
76,636231105545666500
76,636231105545831796
76,636231105545996904
76,636231105546166870
76,636231105546331965
76,636231105546502076
76,636231105546667214
76,636231105546832314
76,636231105547002553
76,636231105547167559
76,636231105547332675
76,636231105547502799
76,636231105547668087
76,636231105547838023
76,636231105548003139
76,636231105548168260
76,636231105548338384
76,636231105548503522
76,636231105548668809
76,636231105548838724
76,636231105549004024
76,636231105549173965
76,636231105549339265
76,636231105549504381
76,636231105549674322
76,636231105549839430
76,636231105550004739
76,636231105550174670
76,636231105550339791
76,636231105550509911
76,636231105550675032
76,636231105550840341
76,636231105551010302
76,636231105551175372
76,636231105551340676
76,636231105551510608
76,636231105551675729
76,636231105551845849
76,636231105552010974
76,636231105552176261
76,636231105552346381
76,636231105552511322
76,636231105552676439
76,636231105552846734
76,636231105553011872
76,636231105553181786
76,636231105553346920
76,636231105553512024
76,636231105553682327
76,636231105553847440
76,636231105554012372
76,636231105554182505
76,636231105554347626
76,636231105554517741
76,636231105554682845
76,636231105554848154
76,636231105555018103
76,636231105555183403
76,636231105555353322
76,636231105555518631
76,636231105555683551
76,636231105555853683
76,636231105556018971
76,636231105556183916
76,636231105556354211
76,636231105556519324
76,636231105556689260
76,636231105556854393
76,636231105557019514
76,636231105557189625
76,636231105557354913
76,636231105557519845
76,636231105557690149
76,636231105557855266
76,636231105558025202
76,636231105558190335
76,636231105558355456
76,636231105558525567
76,636231105558690688
76,636231105558855783
76,636231105559025907
76,636231105559191032
76,636231105559361148
76,636231105559526282
76,636231105559691560
76,636231105559861497
76,636231105560026613
76,636231105560191729
76,636231105560362033
76,636231105560526987
76,636231105560697086
76,636231105560862202
76,636231105561027502
76,636231105561197443
76,636231105561362572
76,636231105561527684
76,636231105561697796
76,636231105561863164
76,636231105562033096
76,636231105562198388
76,636231105562363504
76,636231105562533470
76,636231105562698574
76,636231105562863682
76,636231105563033793
76,636231105563198914
76,636231105563369034
76,636231105563534146
76,636231105563699485
76,636231105563869391
76,636231105564034507
76,636231105564199808
76,636231105564369919
76,636231105564534852
76,636231105564704976
76,636231105564870105
76,636231105565035209
76,636231105565205337
76,636231105565370449
76,636231105565535574
76,636231105565705883
77,636231105565871008
77,636231105566040918
77,636231105566206047
77,636231105566371330
77,636231105566541442
77,636231105566706383
77,636231105566871687
77,636231105567041632
77,636231105567206744
77,636231105567376860
77,636231105567542160
77,636231105567707110
77,636231105567877230
77,636231105568042517
77,636231105568207441
77,636231105568377745
77,636231105568542699
77,636231105568712798
77,636231105568877935
77,636231105569043219
77,636231105569213343
77,636231105569378275
77,636231105569543584
77,636231105569713687
77,636231105569878624
77,636231105570048774
77,636231105570213856
77,636231105570379156
77,636231105570549110
77,636231105570714213
77,636231105570884329
77,636231105571049633
77,636231105571214746
77,636231105571384682
77,636231105571549815
77,636231105571714919
77,636231105571885039
77,636231105572050365
77,636231105572220275
77,636231105572385571
77,636231105572550696
77,636231105572720637
77,636231105572885924
78,636231105573050857
78,636231105573221160
78,636231105573386281
78,636231105573556221
78,636231105573721338
78,636231105573886630
78,636231105574056566
78,636231105574221686
78,636231105574386803
78,636231105574556936
78,636231105574722223
78,636231105574892155
78,636231105575057293
78,636231105575222584
78,636231105575392555
78,636231105575557637
78,636231105575722749
78,636231105575892861
78,636231105576058187
78,636231105576228097
78,636231105576393218
78,636231105576558351
78,636231105576728634
78,636231105576893579
78,636231105577058871
78,636231105577228807
78,636231105577394103
78,636231105577564060
78,636231105577729160
78,636231105577894285
78,636231105578064576
78,636231105578229508
78,636231105578399637
78,636231105578564928
78,636231105578730053
78,636231105578899989
78,636231105579065106
78,636231105579230398
78,636231105579400518
78,636231105579565472
78,636231105579735579
78,636231105579900691
78,636231105580065812
78,636231105580235936
78,636231105580401228
79,636231105580566365
79,636231105580736284
79,636231105580901576
79,636231105581071512
79,636231105581236650
79,636231105581401933
79,636231105581571882
79,636231105581736998
79,636231105581902282
79,636231105582072226
79,636231105582237518
79,636231105582407458
79,636231105582572754
79,636231105582737871
79,636231105582907820
79,636231105583073107
79,636231105583238061
79,636231105583408168
79,636231105583573280
79,636231105583743400
79,636231105583908517
79,636231105584073638
79,636231105584243847
79,636231105584409058
79,636231105584574003
79,636231105584744106
79,636231105584909248
79,636231105585079338
79,636231105585244467
79,636231105585409588
79,636231105585579700
79,636231105585744807
79,636231105585909932
79,636231105586080232
79,636231105586245160
79,636231105586415284
79,636231105586800565
79,636231105586800565
79,636231105586915642
79,636231105587080767
79,636231105587245887
79,636231105587416170
79,636231105587581115
79,636231105587751226
79,636231105587916351
79,636231105588081472
79,636231105588251596
79,636231105588416884
79,636231105588586816
79,636231105588751949
79,636231105588917258
79,636231105589087207
79,636231105589252469
79,636231105589417585
79,636231105589587722
79,636231105589752822
79,636231105589922753
79,636231105590087887
79,636231105590253003
79,636231105590423110
79,636231105590588227
79,636231105590753343
79,636231105590923643
79,636231105591088593
79,636231105591258700
79,636231105591424000
79,636231105591589112
79,636231105591759065
79,636231105591924169
79,636231105592089298
79,636231105592259405
79,636231105592424701
79,636231105592594646
79,636231105592759942
79,636231105592925058
79,636231105593095007
79,636231105593260107
79,636231105593425223
79,636231105593595531
79,636231105593760643
79,636231105593930584
79,636231105594095884
79,636231105594260829
79,636231105594430945
79,636231105594596053
79,636231105594761161
79,636231105594931306
79,636231105595096585
79,636231105595266521
79,636231105595431642
79,636231105595596938
79,636231105595766874
80,636231105595932012
80,636231105596097124
80,636231105596267231
80,636231105596432348
80,636231105596602463
80,636231105596767588
80,636231105596932722
80,636231105597102855
80,636231105597267950
80,636231105597433058
80,636231105597603169
80,636231105597768474
80,636231105597938405
80,636231105598103539
80,636231105598268651
80,636231105598438775
80,636231105598603896
80,636231105598769004
80,636231105598939132
80,636231105599104411
80,636231105599274360
80,636231105599439468
80,636231105599604597
80,636231105599774709
80,636231105599939834
80,636231105600104950
80,636231105600275074
80,636231105600440182
80,636231105600610294
80,636231105600775423
80,636231105600940544
80,636231105601110826
80,636231105601275763
80,636231105601445883
80,636231105601610995
80,636231105601776129
80,636231105601946244
80,636231105602111365
80,636231105602276469
80,636231105602446593
80,636231105602611885
80,636231105602781829
80,636231105602947121
80,636231105603112071
80,636231105603282178
80,636231105603447294
80,636231105603612406
80,636231105603782526
80,636231105603947831
80,636231105604117763
80,636231105604282939
80,636231105604448013
80,636231105604618133
80,636231105604783249
80,636231105604948541
80,636231105605118481
80,636231105605283585
80,636231105605453713
80,636231105605618825
80,636231105605783946
80,636231105605954070
80,636231105606119358
80,636231105606284290
80,636231105606454594
80,636231105606619715
80,636231105606789651
80,636231105606954776
80,636231105607119880
80,636231105607290012
80,636231105607455116
80,636231105607625253
80,636231105607790352
80,636231105607955486
80,636231105608125593
80,636231105608290714
80,636231105608455822
80,636231105608625963
80,636231105608791071
80,636231105608956179
80,636231105609126316
80,636231105609291432
80,636231105609461539
80,636231105609626656
80,636231105609791764
80,636231105609961926
80,636231105610127009
80,636231105610292326
80,636231105610462442
80,636231105610627370
80,636231105610797473
80,636231105610962589
80,636231105611127894
80,636231105611297945
80,636231105611462959
80,636231105611633071
80,636231105611798200
80,636231105611963312
80,636231105612133419
80,636231105612298715
80,636231105612463648
80,636231105612633789
80,636231105612798884
80,636231105612964022
80,636231105613134304
80,636231105613299258
80,636231105613469361
80,636231105613634495
80,636231105613799602
80,636231105613969727
80,636231105614135036
80,636231105614299947
80,636231105614470251
80,636231105614635367
80,636231105614805299
80,636231105614970419
80,636231105615135549
80,636231105615305660
80,636231105615470785
80,636231105615635906
80,636231105615806017
80,636231105615971121
80,636231105616141245
80,636231105616306571
80,636231105616471499
80,636231105616641615
80,636231105616806902
80,636231105616972015
80,636231105617141946
80,636231105617307247
80,636231105617477196
80,636231105617642304
80,636231105617807420
80,636231105617977540
80,636231105618142857
80,636231105618312785
80,636231105618477923
80,636231105618643009
80,636231105618813155
80,636231105618978258
80,636231105619143546
80,636231105619313662
80,636231105619478594
80,636231105619648714
80,636231105619814014
79,636231105619978960
79,636231105620149157
79,636231105620314401
79,636231105620479317
79,636231105620649625
79,636231105620814557
79,636231105620984660
79,636231105621149956
79,636231105621314906
79,636231105621485141
79,636231105621650309
79,636231105621815426
79,636231105621985383
79,636231105622150499
79,636231105622320598
79,636231105622485898
79,636231105622650848
79,636231105622820972
79,636231105622986072
79,636231105623151205
79,636231105623321488
79,636231105623486604
79,636231105623656544
79,636231105623821665
79,636231105623986957
79,636231105624157077
79,636231105624322031
79,636231105624487314
79,636231105624657267
79,636231105624822379
79,636231105624992499
79,636231105625157782
79,636231105625322899
79,636231105625493019
79,636231105625657977
79,636231105625828080
79,636231105625993205
79,636231105626158488
79,636231105626328433
79,636231105626493729
79,636231105626658875
79,636231105626828986
79,636231105626993910
79,636231105627164018
79,636231105627329147
79,636231105627494430
79,636231105627664400
78,636231105627829500
78,636231105627994603
78,636231105628164727
78,636231105628329857
78,636231105628499968
78,636231105628665093
78,636231105628830402
78,636231105629000381
78,636231105629165613
78,636231105629330729
78,636231105629500661
78,636231105629665961
78,636231105629835902
78,636231105630001198
78,636231105630166152
78,636231105630336254
78,636231105630501619
78,636231105630666727
78,636231105630836851
78,636231105631001959
78,636231105631167229
78,636231105631337349
78,636231105631502414
78,636231105631672436
78,636231105631837565
78,636231105632002682
78,636231105632172802
78,636231105632338089
78,636231105632508025
78,636231105632673176
78,636231105632838467
78,636231105633008399
78,636231105633173520
78,636231105633338795
78,636231105633508748
78,636231105633673928
78,636231105633843967
78,636231105634009079
78,636231105634174221
78,636231105634344375
78,636231105634509616
78,636231105634674561
78,636231105634844668
78,636231105635010007
78,636231105635179909
78,636231105635345026
78,636231105635510330
78,636231105635680270
78,636231105635845558
78,636231105636010683
78,636231105636180610
78,636231105636345748
78,636231105636515851
78,636231105636681151
78,636231105636846272
78,636231105637016315
78,636231105637181337
78,636231105637346432
78,636231105637516741
78,636231105637681686
78,636231105637851797
78,636231105638017098
78,636231105638182210
78,636231105638352300
78,636231105638517275
78,636231105638682375
78,636231105638852683
78,636231105639017619
78,636231105639187748
78,636231105639353057
78,636231105639517989
78,636231105639688272
78,636231105639853204
78,636231105640018338
78,636231105640188454
78,636231105640353745
78,636231105640523694
78,636231105640688811
78,636231105640854094
78,636231105641024030
78,636231105641189339
78,636231105641359266
78,636231105641524396
78,636231105641689704
78,636231105641859636
78,636231105642024753
78,636231105642189865
78,636231105642359968
78,636231105642525101
78,636231105642695208
78,636231105642860329
78,636231105643025454
78,636231105643195574
78,636231105643360883
78,636231105643525833
77,636231105643695957
77,636231105643861086
77,636231105644031189
77,636231105644196318
77,636231105644361606
77,636231105644531597
77,636231105644696671
77,636231105644861779
77,636231105645031903
77,636231105645197019
77,636231105645367135
77,636231105645532252
77,636231105645697381
77,636231105645867496
77,636231105646032784
77,636231105646197717
77,636231105646367849
77,636231105646532957
77,636231105646703073
77,636231105646868373
77,636231105647033490
77,636231105647203439
77,636231105647368735
77,636231105647533889
77,636231105647703791
77,636231105647869083
77,636231105648039015
77,636231105648204131
77,636231105648369432
77,636231105648539381
77,636231105648704488
77,636231105648869784
77,636231105649039729
77,636231105649205038
77,636231105649374965
77,636231105649540261
77,636231105649705190
77,636231105649875310
77,636231105650040631
77,636231105650205560
77,636231105650375684
77,636231105650540800
77,636231105650710903
77,636231105650876015
77,636231105651041320
77,636231105651211260
77,636231105651376390
77,636231105651546488
77,636231105651711609
77,636231105651876721
77,636231105652046858
77,636231105652212141
77,636231105652377074
77,636231105652547211
77,636231105652712494
77,636231105652882434
77,636231105653047564
77,636231105653212684
77,636231105653382843
77,636231105653547904
77,636231105653713016
